lat,lon,rssi,gateway
15.87,108.08,-120.0,7276ff002e062cf2
15.87,108.085,-120.0,7276ff002e062cf2
15.87,108.09,-120.0,7276ff002e062cf2
15.87,108.09499999999998,-120.0,7276ff002e062cf2
15.87,108.09999999999998,-120.0,7276ff002e062cf2
15.87,108.10499999999998,-120.0,7276ff002e062cf2
15.87,108.10999999999996,-120.0,7276ff002e062cf2
15.87,108.11499999999997,-120.0,7276ff002e062cf2
15.87,108.11999999999996,-120.0,7276ff002e062cf2
15.87,108.12499999999996,-120.0,7276ff002e062cf2
15.87,108.12999999999997,-120.0,7276ff002e062cf2
15.87,108.13499999999996,-120.0,7276ff002e062cf2
15.87,108.13999999999994,-120.0,7276ff002e062cf2
15.87,108.14499999999994,-120.0,7276ff002e062cf2
15.87,108.14999999999992,-120.0,7276ff002e062cf2
15.87,108.15499999999992,-120.0,7276ff002e062cf2
15.87,108.15999999999993,-120.0,7276ff002e062cf2
15.87,108.16499999999992,-120.0,7276ff002e062cf2
15.87,108.16999999999992,-120.0,7276ff002e062cf2
15.87,108.17499999999993,-120.0,7276ff002e062cf2
15.87,108.17999999999992,-120.0,7276ff002e062cf2
15.87,108.1849999999999,-120.0,7276ff002e062cf2
15.87,108.1899999999999,-120.0,7276ff002e062cf2
15.87,108.1949999999999,-120.0,7276ff002e062cf2
15.87,108.19999999999987,-120.0,7276ff002e062cf2
15.87,108.20499999999988,-120.0,7276ff002e062cf2
15.87,108.20999999999988,-120.0,7276ff002e062cf2
15.87,108.21499999999988,-120.0,7276ff002e062cf2
15.87,108.21999999999989,-120.0,7276ff002e062cf2
15.87,108.22499999999988,-120.0,7276ff002e062cf2
15.87,108.22999999999986,-120.0,7276ff002e062cf2
15.87,108.23499999999986,-120.0,7276ff002e062cf2
15.87,108.23999999999984,-120.0,7276ff002e062cf2
15.87,108.24499999999983,-120.0,7276ff002e062cf2
15.87,108.24999999999984,-120.0,7276ff002e062cf2
15.87,108.25499999999984,-120.0,7276ff002e062cf2
15.87,108.25999999999983,-120.0,7276ff002e062cf2
15.87,108.26499999999984,-120.0,7276ff002e062cf2
15.87,108.26999999999984,-120.0,7276ff002e062cf2
15.87,108.27499999999982,-120.0,7276ff002e062cf2
15.87,108.27999999999982,-120.0,7276ff002e062cf2
15.87,108.2849999999998,-120.0,7276ff002e062cf2
15.87,108.2899999999998,-120.0,7276ff002e062cf2
15.87,108.2949999999998,-120.0,7276ff002e062cf2
15.87,108.2999999999998,-120.0,7276ff002e062cf2
15.87,108.3049999999998,-120.0,7276ff002e062cf2
15.87,108.3099999999998,-120.0,7276ff002e062cf2
15.87,108.31499999999978,-120.0,7276ff002e062cf2
15.875,108.08,-120.0,7276ff002e062cf2
15.875,108.085,-120.0,7276ff002e062cf2
15.875,108.09,-120.0,7276ff002e062cf2
15.875,108.09499999999998,-120.0,7276ff002e062cf2
15.875,108.09999999999998,-120.0,7276ff002e062cf2
15.875,108.10499999999998,-120.0,7276ff002e062cf2
15.875,108.10999999999996,-120.0,7276ff002e062cf2
15.875,108.11499999999997,-120.0,7276ff002e062cf2
15.875,108.11999999999996,-120.0,7276ff002e062cf2
15.875,108.12499999999996,-120.0,7276ff002e062cf2
15.875,108.12999999999997,-120.0,7276ff002e062cf2
15.875,108.13499999999996,-120.0,7276ff002e062cf2
15.875,108.13999999999994,-120.0,7276ff002e062cf2
15.875,108.14499999999994,-120.0,7276ff002e062cf2
15.875,108.14999999999992,-120.0,7276ff002e062cf2
15.875,108.15499999999992,-120.0,7276ff002e062cf2
15.875,108.15999999999993,-120.0,7276ff002e062cf2
15.875,108.16499999999992,-120.0,7276ff002e062cf2
15.875,108.16999999999992,-120.0,7276ff002e062cf2
15.875,108.17499999999993,-120.0,7276ff002e062cf2
15.875,108.17999999999992,-120.0,7276ff002e062cf2
15.875,108.1849999999999,-120.0,7276ff002e062cf2
15.875,108.1899999999999,-120.0,7276ff002e062cf2
15.875,108.1949999999999,-120.0,7276ff002e062cf2
15.875,108.19999999999987,-120.0,7276ff002e062cf2
15.875,108.20499999999988,-120.0,7276ff002e062cf2
15.875,108.20999999999988,-120.0,7276ff002e062cf2
15.875,108.21499999999988,-120.0,7276ff002e062cf2
15.875,108.21999999999989,-120.0,7276ff002e062cf2
15.875,108.22499999999988,-120.0,7276ff002e062cf2
15.875,108.22999999999986,-120.0,7276ff002e062cf2
15.875,108.23499999999986,-120.0,7276ff002e062cf2
15.875,108.23999999999984,-120.0,7276ff002e062cf2
15.875,108.24499999999983,-120.0,7276ff002e062cf2
15.875,108.24999999999984,-120.0,7276ff002e062cf2
15.875,108.25499999999984,-120.0,7276ff002e062cf2
15.875,108.25999999999983,-120.0,7276ff002e062cf2
15.875,108.26499999999984,-120.0,7276ff002e062cf2
15.875,108.26999999999984,-120.0,7276ff002e062cf2
15.875,108.27499999999982,-120.0,7276ff002e062cf2
15.875,108.27999999999982,-120.0,7276ff002e062cf2
15.875,108.2849999999998,-120.0,7276ff002e062cf2
15.875,108.2899999999998,-120.0,7276ff002e062cf2
15.875,108.2949999999998,-120.0,7276ff002e062cf2
15.875,108.2999999999998,-120.0,7276ff002e062cf2
15.875,108.3049999999998,-120.0,7276ff002e062cf2
15.875,108.3099999999998,-120.0,7276ff002e062cf2
15.875,108.31499999999978,-120.0,7276ff002e062cf2
15.88,108.08,-120.0,7276ff002e062cf2
15.88,108.085,-120.0,7276ff002e062cf2
15.88,108.09,-120.0,7276ff002e062cf2
15.88,108.09499999999998,-120.0,7276ff002e062cf2
15.88,108.09999999999998,-120.0,7276ff002e062cf2
15.88,108.10499999999998,-120.0,7276ff002e062cf2
15.88,108.10999999999996,-120.0,7276ff002e062cf2
15.88,108.11499999999997,-120.0,7276ff002e062cf2
15.88,108.11999999999996,-120.0,7276ff002e062cf2
15.88,108.12499999999996,-120.0,7276ff002e062cf2
15.88,108.12999999999997,-120.0,7276ff002e062cf2
15.88,108.13499999999996,-120.0,7276ff002e062cf2
15.88,108.13999999999994,-120.0,7276ff002e062cf2
15.88,108.14499999999994,-120.0,7276ff002e062cf2
15.88,108.14999999999992,-120.0,7276ff002e062cf2
15.88,108.15499999999992,-120.0,7276ff002e062cf2
15.88,108.15999999999993,-120.0,7276ff002e062cf2
15.88,108.16499999999992,-120.0,7276ff002e062cf2
15.88,108.16999999999992,-120.0,7276ff002e062cf2
15.88,108.17499999999993,-120.0,7276ff002e062cf2
15.88,108.17999999999992,-120.0,7276ff002e062cf2
15.88,108.1849999999999,-120.0,7276ff002e062cf2
15.88,108.1899999999999,-120.0,7276ff002e062cf2
15.88,108.1949999999999,-120.0,7276ff002e062cf2
15.88,108.19999999999987,-120.0,7276ff002e062cf2
15.88,108.20499999999988,-120.0,7276ff002e062cf2
15.88,108.20999999999988,-120.0,7276ff002e062cf2
15.88,108.21499999999988,-120.0,7276ff002e062cf2
15.88,108.21999999999989,-120.0,7276ff002e062cf2
15.88,108.22499999999988,-120.0,7276ff002e062cf2
15.88,108.22999999999986,-120.0,7276ff002e062cf2
15.88,108.23499999999986,-120.0,7276ff002e062cf2
15.88,108.23999999999984,-120.0,7276ff002e062cf2
15.88,108.24499999999983,-120.0,7276ff002e062cf2
15.88,108.24999999999984,-120.0,7276ff002e062cf2
15.88,108.25499999999984,-120.0,7276ff002e062cf2
15.88,108.25999999999983,-120.0,7276ff002e062cf2
15.88,108.26499999999984,-120.0,7276ff002e062cf2
15.88,108.26999999999984,-120.0,7276ff002e062cf2
15.88,108.27499999999982,-120.0,7276ff002e062cf2
15.88,108.27999999999982,-120.0,7276ff002e062cf2
15.88,108.2849999999998,-120.0,7276ff002e062cf2
15.88,108.2899999999998,-120.0,7276ff002e062cf2
15.88,108.2949999999998,-120.0,7276ff002e062cf2
15.88,108.2999999999998,-120.0,7276ff002e062cf2
15.88,108.3049999999998,-119.0,7276ff002e062cf2
15.88,108.3099999999998,-118.0,7276ff002e062cf2
15.88,108.31499999999978,-117.0,7276ff002e062cf2
15.885000000000002,108.08,-120.0,7276ff002e062cf2
15.885000000000002,108.085,-120.0,7276ff002e062cf2
15.885000000000002,108.09,-120.0,7276ff002e062cf2
15.885000000000002,108.09499999999998,-120.0,7276ff002e062cf2
15.885000000000002,108.09999999999998,-120.0,7276ff002e062cf2
15.885000000000002,108.10499999999998,-120.0,7276ff002e062cf2
15.885000000000002,108.10999999999996,-120.0,7276ff002e062cf2
15.885000000000002,108.11499999999997,-120.0,7276ff002e062cf2
15.885000000000002,108.11999999999996,-120.0,7276ff002e062cf2
15.885000000000002,108.12499999999996,-120.0,7276ff002e062cf2
15.885000000000002,108.12999999999997,-120.0,7276ff002e062cf2
15.885000000000002,108.13499999999996,-120.0,7276ff002e062cf2
15.885000000000002,108.13999999999994,-120.0,7276ff002e062cf2
15.885000000000002,108.14499999999994,-120.0,7276ff002e062cf2
15.885000000000002,108.14999999999992,-120.0,7276ff002e062cf2
15.885000000000002,108.15499999999992,-120.0,7276ff002e062cf2
15.885000000000002,108.15999999999993,-120.0,7276ff002e062cf2
15.885000000000002,108.16499999999992,-120.0,7276ff002e062cf2
15.885000000000002,108.16999999999992,-120.0,7276ff002e062cf2
15.885000000000002,108.17499999999993,-120.0,7276ff002e062cf2
15.885000000000002,108.17999999999992,-120.0,7276ff002e062cf2
15.885000000000002,108.1849999999999,-120.0,7276ff002e062cf2
15.885000000000002,108.1899999999999,-120.0,7276ff002e062cf2
15.885000000000002,108.1949999999999,-120.0,7276ff002e062cf2
15.885000000000002,108.19999999999987,-120.0,7276ff002e062cf2
15.885000000000002,108.20499999999988,-120.0,7276ff002e062cf2
15.885000000000002,108.20999999999988,-120.0,7276ff002e062cf2
15.885000000000002,108.21499999999988,-120.0,7276ff002e062cf2
15.885000000000002,108.21999999999989,-120.0,7276ff002e062cf2
15.885000000000002,108.22499999999988,-120.0,7276ff002e062cf2
15.885000000000002,108.22999999999986,-120.0,7276ff002e062cf2
15.885000000000002,108.23499999999986,-120.0,7276ff002e062cf2
15.885000000000002,108.23999999999984,-120.0,7276ff002e062cf2
15.885000000000002,108.24499999999983,-120.0,7276ff002e062cf2
15.885000000000002,108.24999999999984,-120.0,7276ff002e062cf2
15.885000000000002,108.25499999999984,-120.0,7276ff002e062cf2
15.885000000000002,108.25999999999983,-120.0,7276ff002e062cf2
15.885000000000002,108.26499999999984,-120.0,7276ff002e062cf2
15.885000000000002,108.26999999999984,-120.0,7276ff002e062cf2
15.885000000000002,108.27499999999982,-120.0,7276ff002e062cf2
15.885000000000002,108.27999999999982,-120.0,7276ff002e062cf2
15.885000000000002,108.2849999999998,-120.0,7276ff002e062cf2
15.885000000000002,108.2899999999998,-120.0,7276ff002e062cf2
15.885000000000002,108.2949999999998,-120.0,7276ff002e062cf2
15.885000000000002,108.2999999999998,-120.0,7276ff002e062cf2
15.885000000000002,108.3049999999998,-120.0,7276ff002e062cf2
15.885000000000002,108.3099999999998,-120.0,7276ff002e062cf2
15.885000000000002,108.31499999999978,-120.0,7276ff002e062cf2
15.890000000000002,108.08,-120.0,7276ff002e062cf2
15.890000000000002,108.085,-120.0,7276ff002e062cf2
15.890000000000002,108.09,-120.0,7276ff002e062cf2
15.890000000000002,108.09499999999998,-120.0,7276ff002e062cf2
15.890000000000002,108.09999999999998,-120.0,7276ff002e062cf2
15.890000000000002,108.10499999999998,-120.0,7276ff002e062cf2
15.890000000000002,108.10999999999996,-120.0,7276ff002e062cf2
15.890000000000002,108.11499999999997,-120.0,7276ff002e062cf2
15.890000000000002,108.11999999999996,-120.0,7276ff002e062cf2
15.890000000000002,108.12499999999996,-120.0,7276ff002e062cf2
15.890000000000002,108.12999999999997,-120.0,7276ff002e062cf2
15.890000000000002,108.13499999999996,-120.0,7276ff002e062cf2
15.890000000000002,108.13999999999994,-120.0,7276ff002e062cf2
15.890000000000002,108.14499999999994,-120.0,7276ff002e062cf2
15.890000000000002,108.14999999999992,-120.0,7276ff002e062cf2
15.890000000000002,108.15499999999992,-120.0,7276ff002e062cf2
15.890000000000002,108.15999999999993,-120.0,7276ff002e062cf2
15.890000000000002,108.16499999999992,-120.0,7276ff002e062cf2
15.890000000000002,108.16999999999992,-120.0,7276ff002e062cf2
15.890000000000002,108.17499999999993,-120.0,7276ff002e062cf2
15.890000000000002,108.17999999999992,-120.0,7276ff002e062cf2
15.890000000000002,108.1849999999999,-120.0,7276ff002e062cf2
15.890000000000002,108.1899999999999,-120.0,7276ff002e062cf2
15.890000000000002,108.1949999999999,-120.0,7276ff002e062cf2
15.890000000000002,108.19999999999987,-120.0,7276ff002e062cf2
15.890000000000002,108.20499999999988,-120.0,7276ff002e062cf2
15.890000000000002,108.20999999999988,-120.0,7276ff002e062cf2
15.890000000000002,108.21499999999988,-120.0,7276ff002e062cf2
15.890000000000002,108.21999999999989,-120.0,7276ff002e062cf2
15.890000000000002,108.22499999999988,-120.0,7276ff002e062cf2
15.890000000000002,108.22999999999986,-120.0,7276ff002e062cf2
15.890000000000002,108.23499999999986,-120.0,7276ff002e062cf2
15.890000000000002,108.23999999999984,-120.0,7276ff002e062cf2
15.890000000000002,108.24499999999983,-120.0,7276ff002e062cf2
15.890000000000002,108.24999999999984,-120.0,7276ff002e062cf2
15.890000000000002,108.25499999999984,-120.0,7276ff002e062cf2
15.890000000000002,108.25999999999983,-120.0,7276ff002e062cf2
15.890000000000002,108.26499999999984,-120.0,7276ff002e062cf2
15.890000000000002,108.26999999999984,-120.0,7276ff002e062cf2
15.890000000000002,108.27499999999982,-120.0,7276ff002e062cf2
15.890000000000002,108.27999999999982,-120.0,7276ff002e062cf2
15.890000000000002,108.2849999999998,-120.0,7276ff002e062cf2
15.890000000000002,108.2899999999998,-120.0,7276ff002e062cf2
15.890000000000002,108.2949999999998,-120.0,7276ff002e062cf2
15.890000000000002,108.2999999999998,-120.0,7276ff002e062cf2
15.890000000000002,108.3049999999998,-120.0,7276ff002e062cf2
15.890000000000002,108.3099999999998,-120.0,7276ff002e062cf2
15.890000000000002,108.31499999999978,-120.0,7276ff002e062cf2
15.895000000000003,108.08,-120.0,7276ff002e062cf2
15.895000000000003,108.085,-120.0,7276ff002e062cf2
15.895000000000003,108.09,-120.0,7276ff002e062cf2
15.895000000000003,108.09499999999998,-120.0,7276ff002e062cf2
15.895000000000003,108.09999999999998,-120.0,7276ff002e062cf2
15.895000000000003,108.10499999999998,-120.0,7276ff002e062cf2
15.895000000000003,108.10999999999996,-120.0,7276ff002e062cf2
15.895000000000003,108.11499999999997,-120.0,7276ff002e062cf2
15.895000000000003,108.11999999999996,-120.0,7276ff002e062cf2
15.895000000000003,108.12499999999996,-120.0,7276ff002e062cf2
15.895000000000003,108.12999999999997,-120.0,7276ff002e062cf2
15.895000000000003,108.13499999999996,-120.0,7276ff002e062cf2
15.895000000000003,108.13999999999994,-120.0,7276ff002e062cf2
15.895000000000003,108.14499999999994,-120.0,7276ff002e062cf2
15.895000000000003,108.14999999999992,-120.0,7276ff002e062cf2
15.895000000000003,108.15499999999992,-120.0,7276ff002e062cf2
15.895000000000003,108.15999999999993,-120.0,7276ff002e062cf2
15.895000000000003,108.16499999999992,-120.0,7276ff002e062cf2
15.895000000000003,108.16999999999992,-120.0,7276ff002e062cf2
15.895000000000003,108.17499999999993,-120.0,7276ff002e062cf2
15.895000000000003,108.17999999999992,-120.0,7276ff002e062cf2
15.895000000000003,108.1849999999999,-120.0,7276ff002e062cf2
15.895000000000003,108.1899999999999,-120.0,7276ff002e062cf2
15.895000000000003,108.1949999999999,-120.0,7276ff002e062cf2
15.895000000000003,108.19999999999987,-120.0,7276ff002e062cf2
15.895000000000003,108.20499999999988,-120.0,7276ff002e062cf2
15.895000000000003,108.20999999999988,-120.0,7276ff002e062cf2
15.895000000000003,108.21499999999988,-120.0,7276ff002e062cf2
15.895000000000003,108.21999999999989,-120.0,7276ff002e062cf2
15.895000000000003,108.22499999999988,-120.0,7276ff002e062cf2
15.895000000000003,108.22999999999986,-120.0,7276ff002e062cf2
15.895000000000003,108.23499999999986,-120.0,7276ff002e062cf2
15.895000000000003,108.23999999999984,-120.0,7276ff002e062cf2
15.895000000000003,108.24499999999983,-120.0,7276ff002e062cf2
15.895000000000003,108.24999999999984,-120.0,7276ff002e062cf2
15.895000000000003,108.25499999999984,-120.0,7276ff002e062cf2
15.895000000000003,108.25999999999983,-120.0,7276ff002e062cf2
15.895000000000003,108.26499999999984,-120.0,7276ff002e062cf2
15.895000000000003,108.26999999999984,-120.0,7276ff002e062cf2
15.895000000000003,108.27499999999982,-120.0,7276ff002e062cf2
15.895000000000003,108.27999999999982,-120.0,7276ff002e062cf2
15.895000000000003,108.2849999999998,-120.0,7276ff002e062cf2
15.895000000000003,108.2899999999998,-120.0,7276ff002e062cf2
15.895000000000003,108.2949999999998,-120.0,7276ff002e062cf2
15.895000000000003,108.2999999999998,-120.0,7276ff002e062cf2
15.895000000000003,108.3049999999998,-120.0,7276ff002e062cf2
15.895000000000003,108.3099999999998,-120.0,7276ff002e062cf2
15.895000000000003,108.31499999999978,-120.0,7276ff002e062cf2
15.900000000000004,108.08,-120.0,7276ff002e062cf2
15.900000000000004,108.085,-120.0,7276ff002e062cf2
15.900000000000004,108.09,-120.0,7276ff002e062cf2
15.900000000000004,108.09499999999998,-120.0,7276ff002e062cf2
15.900000000000004,108.09999999999998,-120.0,7276ff002e062cf2
15.900000000000004,108.10499999999998,-120.0,7276ff002e062cf2
15.900000000000004,108.10999999999996,-120.0,7276ff002e062cf2
15.900000000000004,108.11499999999997,-120.0,7276ff002e062cf2
15.900000000000004,108.11999999999996,-120.0,7276ff002e062cf2
15.900000000000004,108.12499999999996,-120.0,7276ff002e062cf2
15.900000000000004,108.12999999999997,-120.0,7276ff002e062cf2
15.900000000000004,108.13499999999996,-120.0,7276ff002e062cf2
15.900000000000004,108.13999999999994,-120.0,7276ff002e062cf2
15.900000000000004,108.14499999999994,-120.0,7276ff002e062cf2
15.900000000000004,108.14999999999992,-120.0,7276ff002e062cf2
15.900000000000004,108.15499999999992,-120.0,7276ff002e062cf2
15.900000000000004,108.15999999999993,-120.0,7276ff002e062cf2
15.900000000000004,108.16499999999992,-120.0,7276ff002e062cf2
15.900000000000004,108.16999999999992,-120.0,7276ff002e062cf2
15.900000000000004,108.17499999999993,-120.0,7276ff002e062cf2
15.900000000000004,108.17999999999992,-120.0,7276ff002e062cf2
15.900000000000004,108.1849999999999,-120.0,7276ff002e062cf2
15.900000000000004,108.1899999999999,-120.0,7276ff002e062cf2
15.900000000000004,108.1949999999999,-120.0,7276ff002e062cf2
15.900000000000004,108.19999999999987,-120.0,7276ff002e062cf2
15.900000000000004,108.20499999999988,-120.0,7276ff002e062cf2
15.900000000000004,108.20999999999988,-120.0,7276ff002e062cf2
15.900000000000004,108.21499999999988,-120.0,7276ff002e062cf2
15.900000000000004,108.21999999999989,-120.0,7276ff002e062cf2
15.900000000000004,108.22499999999988,-120.0,7276ff002e062cf2
15.900000000000004,108.22999999999986,-120.0,7276ff002e062cf2
15.900000000000004,108.23499999999986,-120.0,7276ff002e062cf2
15.900000000000004,108.23999999999984,-120.0,7276ff002e062cf2
15.900000000000004,108.24499999999983,-120.0,7276ff002e062cf2
15.900000000000004,108.24999999999984,-120.0,7276ff002e062cf2
15.900000000000004,108.25499999999984,-120.0,7276ff002e062cf2
15.900000000000004,108.25999999999983,-120.0,7276ff002e062cf2
15.900000000000004,108.26499999999984,-120.0,7276ff002e062cf2
15.900000000000004,108.26999999999984,-120.0,7276ff002e062cf2
15.900000000000004,108.27499999999982,-120.0,7276ff002e062cf2
15.900000000000004,108.27999999999982,-120.0,7276ff002e062cf2
15.900000000000004,108.2849999999998,-120.0,7276ff002e062cf2
15.900000000000004,108.2899999999998,-120.0,7276ff002e062cf2
15.900000000000004,108.2949999999998,-120.0,7276ff002e062cf2
15.900000000000004,108.2999999999998,-120.0,7276ff002e062cf2
15.900000000000004,108.3049999999998,-120.0,7276ff002e062cf2
15.900000000000004,108.3099999999998,-120.0,7276ff002e062cf2
15.900000000000004,108.31499999999978,-120.0,7276ff002e062cf2
15.905000000000005,108.08,-120.0,7276ff002e062cf2
15.905000000000005,108.085,-120.0,7276ff002e062cf2
15.905000000000005,108.09,-120.0,7276ff002e062cf2
15.905000000000005,108.09499999999998,-120.0,7276ff002e062cf2
15.905000000000005,108.09999999999998,-120.0,7276ff002e062cf2
15.905000000000005,108.10499999999998,-120.0,7276ff002e062cf2
15.905000000000005,108.10999999999996,-120.0,7276ff002e062cf2
15.905000000000005,108.11499999999997,-120.0,7276ff002e062cf2
15.905000000000005,108.11999999999996,-120.0,7276ff002e062cf2
15.905000000000005,108.12499999999996,-120.0,7276ff002e062cf2
15.905000000000005,108.12999999999997,-120.0,7276ff002e062cf2
15.905000000000005,108.13499999999996,-120.0,7276ff002e062cf2
15.905000000000005,108.13999999999994,-120.0,7276ff002e062cf2
15.905000000000005,108.14499999999994,-120.0,7276ff002e062cf2
15.905000000000005,108.14999999999992,-120.0,7276ff002e062cf2
15.905000000000005,108.15499999999992,-120.0,7276ff002e062cf2
15.905000000000005,108.15999999999993,-120.0,7276ff002e062cf2
15.905000000000005,108.16499999999992,-120.0,7276ff002e062cf2
15.905000000000005,108.16999999999992,-120.0,7276ff002e062cf2
15.905000000000005,108.17499999999993,-120.0,7276ff002e062cf2
15.905000000000005,108.17999999999992,-120.0,7276ff002e062cf2
15.905000000000005,108.1849999999999,-120.0,7276ff002e062cf2
15.905000000000005,108.1899999999999,-120.0,7276ff002e062cf2
15.905000000000005,108.1949999999999,-120.0,7276ff002e062cf2
15.905000000000005,108.19999999999987,-120.0,7276ff002e062cf2
15.905000000000005,108.20499999999988,-120.0,7276ff002e062cf2
15.905000000000005,108.20999999999988,-120.0,7276ff002e062cf2
15.905000000000005,108.21499999999988,-120.0,7276ff002e062cf2
15.905000000000005,108.21999999999989,-120.0,7276ff002e062cf2
15.905000000000005,108.22499999999988,-120.0,7276ff002e062cf2
15.905000000000005,108.22999999999986,-120.0,7276ff002e062cf2
15.905000000000005,108.23499999999986,-120.0,7276ff002e062cf2
15.905000000000005,108.23999999999984,-120.0,7276ff002e062cf2
15.905000000000005,108.24499999999983,-120.0,7276ff002e062cf2
15.905000000000005,108.24999999999984,-120.0,7276ff002e062cf2
15.905000000000005,108.25499999999984,-120.0,7276ff002e062cf2
15.905000000000005,108.25999999999983,-120.0,7276ff002e062cf2
15.905000000000005,108.26499999999984,-120.0,7276ff002e062cf2
15.905000000000005,108.26999999999984,-120.0,7276ff002e062cf2
15.905000000000005,108.27499999999982,-120.0,7276ff002e062cf2
15.905000000000005,108.27999999999982,-120.0,7276ff002e062cf2
15.905000000000005,108.2849999999998,-120.0,7276ff002e062cf2
15.905000000000005,108.2899999999998,-120.0,7276ff002e062cf2
15.905000000000005,108.2949999999998,-120.0,7276ff002e062cf2
15.905000000000005,108.2999999999998,-120.0,7276ff002e062cf2
15.905000000000005,108.3049999999998,-120.0,7276ff002e062cf2
15.905000000000005,108.3099999999998,-120.0,7276ff002e062cf2
15.905000000000005,108.31499999999978,-120.0,7276ff002e062cf2
15.910000000000004,108.08,-120.0,7276ff002e062cf2
15.910000000000004,108.085,-120.0,7276ff002e062cf2
15.910000000000004,108.09,-120.0,7276ff002e062cf2
15.910000000000004,108.09499999999998,-120.0,7276ff002e062cf2
15.910000000000004,108.09999999999998,-120.0,7276ff002e062cf2
15.910000000000004,108.10499999999998,-120.0,7276ff002e062cf2
15.910000000000004,108.10999999999996,-120.0,7276ff002e062cf2
15.910000000000004,108.11499999999997,-120.0,7276ff002e062cf2
15.910000000000004,108.11999999999996,-120.0,7276ff002e062cf2
15.910000000000004,108.12499999999996,-120.0,7276ff002e062cf2
15.910000000000004,108.12999999999997,-120.0,7276ff002e062cf2
15.910000000000004,108.13499999999996,-120.0,7276ff002e062cf2
15.910000000000004,108.13999999999994,-120.0,7276ff002e062cf2
15.910000000000004,108.14499999999994,-120.0,7276ff002e062cf2
15.910000000000004,108.14999999999992,-120.0,7276ff002e062cf2
15.910000000000004,108.15499999999992,-120.0,7276ff002e062cf2
15.910000000000004,108.15999999999993,-120.0,7276ff002e062cf2
15.910000000000004,108.16499999999992,-120.0,7276ff002e062cf2
15.910000000000004,108.16999999999992,-120.0,7276ff002e062cf2
15.910000000000004,108.17499999999993,-120.0,7276ff002e062cf2
15.910000000000004,108.17999999999992,-120.0,7276ff002e062cf2
15.910000000000004,108.1849999999999,-120.0,7276ff002e062cf2
15.910000000000004,108.1899999999999,-120.0,7276ff002e062cf2
15.910000000000004,108.1949999999999,-120.0,7276ff002e062cf2
15.910000000000004,108.19999999999987,-120.0,7276ff002e062cf2
15.910000000000004,108.20499999999988,-120.0,7276ff002e062cf2
15.910000000000004,108.20999999999988,-120.0,7276ff002e062cf2
15.910000000000004,108.21499999999988,-120.0,7276ff002e062cf2
15.910000000000004,108.21999999999989,-120.0,7276ff002e062cf2
15.910000000000004,108.22499999999988,-120.0,7276ff002e062cf2
15.910000000000004,108.22999999999986,-120.0,7276ff002e062cf2
15.910000000000004,108.23499999999986,-120.0,7276ff002e062cf2
15.910000000000004,108.23999999999984,-120.0,7276ff002e062cf2
15.910000000000004,108.24499999999983,-120.0,7276ff002e062cf2
15.910000000000004,108.24999999999984,-120.0,7276ff002e062cf2
15.910000000000004,108.25499999999984,-120.0,7276ff002e062cf2
15.910000000000004,108.25999999999983,-120.0,7276ff002e062cf2
15.910000000000004,108.26499999999984,-120.0,7276ff002e062cf2
15.910000000000004,108.26999999999984,-120.0,7276ff002e062cf2
15.910000000000004,108.27499999999982,-120.0,7276ff002e062cf2
15.910000000000004,108.27999999999982,-120.0,7276ff002e062cf2
15.910000000000004,108.2849999999998,-120.0,7276ff002e062cf2
15.910000000000004,108.2899999999998,-120.0,7276ff002e062cf2
15.910000000000004,108.2949999999998,-120.0,7276ff002e062cf2
15.910000000000004,108.2999999999998,-120.0,7276ff002e062cf2
15.910000000000004,108.3049999999998,-120.0,7276ff002e062cf2
15.910000000000004,108.3099999999998,-120.0,7276ff002e062cf2
15.910000000000004,108.31499999999978,-120.0,7276ff002e062cf2
15.915000000000006,108.08,-120.0,7276ff002e062cf2
15.915000000000006,108.085,-120.0,7276ff002e062cf2
15.915000000000006,108.09,-120.0,7276ff002e062cf2
15.915000000000006,108.09499999999998,-120.0,7276ff002e062cf2
15.915000000000006,108.09999999999998,-120.0,7276ff002e062cf2
15.915000000000006,108.10499999999998,-120.0,7276ff002e062cf2
15.915000000000006,108.10999999999996,-120.0,7276ff002e062cf2
15.915000000000006,108.11499999999997,-120.0,7276ff002e062cf2
15.915000000000006,108.11999999999996,-120.0,7276ff002e062cf2
15.915000000000006,108.12499999999996,-120.0,7276ff002e062cf2
15.915000000000006,108.12999999999997,-120.0,7276ff002e062cf2
15.915000000000006,108.13499999999996,-120.0,7276ff002e062cf2
15.915000000000006,108.13999999999994,-120.0,7276ff002e062cf2
15.915000000000006,108.14499999999994,-120.0,7276ff002e062cf2
15.915000000000006,108.14999999999992,-120.0,7276ff002e062cf2
15.915000000000006,108.15499999999992,-120.0,7276ff002e062cf2
15.915000000000006,108.15999999999993,-120.0,7276ff002e062cf2
15.915000000000006,108.16499999999992,-120.0,7276ff002e062cf2
15.915000000000006,108.16999999999992,-120.0,7276ff002e062cf2
15.915000000000006,108.17499999999993,-120.0,7276ff002e062cf2
15.915000000000006,108.17999999999992,-120.0,7276ff002e062cf2
15.915000000000006,108.1849999999999,-120.0,7276ff002e062cf2
15.915000000000006,108.1899999999999,-120.0,7276ff002e062cf2
15.915000000000006,108.1949999999999,-120.0,7276ff002e062cf2
15.915000000000006,108.19999999999987,-120.0,7276ff002e062cf2
15.915000000000006,108.20499999999988,-120.0,7276ff002e062cf2
15.915000000000006,108.20999999999988,-120.0,7276ff002e062cf2
15.915000000000006,108.21499999999988,-120.0,7276ff002e062cf2
15.915000000000006,108.21999999999989,-120.0,7276ff002e062cf2
15.915000000000006,108.22499999999988,-120.0,7276ff002e062cf2
15.915000000000006,108.22999999999986,-120.0,7276ff002e062cf2
15.915000000000006,108.23499999999986,-120.0,7276ff002e062cf2
15.915000000000006,108.23999999999984,-120.0,7276ff002e062cf2
15.915000000000006,108.24499999999983,-120.0,7276ff002e062cf2
15.915000000000006,108.24999999999984,-120.0,7276ff002e062cf2
15.915000000000006,108.25499999999984,-120.0,7276ff002e062cf2
15.915000000000006,108.25999999999983,-120.0,7276ff002e062cf2
15.915000000000006,108.26499999999984,-120.0,7276ff002e062cf2
15.915000000000006,108.26999999999984,-117.0,7276ff002e062cf2
15.915000000000006,108.27499999999982,-120.0,7276ff002e062cf2
15.915000000000006,108.27999999999982,-120.0,7276ff002e062cf2
15.915000000000006,108.2849999999998,-120.0,7276ff002e062cf2
15.915000000000006,108.2899999999998,-120.0,7276ff002e062cf2
15.915000000000006,108.2949999999998,-120.0,7276ff002e062cf2
15.915000000000006,108.2999999999998,-120.0,7276ff002e062cf2
15.915000000000006,108.3049999999998,-120.0,7276ff002e062cf2
15.915000000000006,108.3099999999998,-120.0,7276ff002e062cf2
15.915000000000006,108.31499999999978,-120.0,7276ff002e062cf2
15.920000000000009,108.08,-120.0,7276ff002e062cf2
15.920000000000009,108.085,-120.0,7276ff002e062cf2
15.920000000000009,108.09,-120.0,7276ff002e062cf2
15.920000000000009,108.09499999999998,-120.0,7276ff002e062cf2
15.920000000000009,108.09999999999998,-120.0,7276ff002e062cf2
15.920000000000009,108.10499999999998,-120.0,7276ff002e062cf2
15.920000000000009,108.10999999999996,-120.0,7276ff002e062cf2
15.920000000000009,108.11499999999997,-120.0,7276ff002e062cf2
15.920000000000009,108.11999999999996,-120.0,7276ff002e062cf2
15.920000000000009,108.12499999999996,-120.0,7276ff002e062cf2
15.920000000000009,108.12999999999997,-120.0,7276ff002e062cf2
15.920000000000009,108.13499999999996,-120.0,7276ff002e062cf2
15.920000000000009,108.13999999999994,-120.0,7276ff002e062cf2
15.920000000000009,108.14499999999994,-120.0,7276ff002e062cf2
15.920000000000009,108.14999999999992,-120.0,7276ff002e062cf2
15.920000000000009,108.15499999999992,-120.0,7276ff002e062cf2
15.920000000000009,108.15999999999993,-120.0,7276ff002e062cf2
15.920000000000009,108.16499999999992,-120.0,7276ff002e062cf2
15.920000000000009,108.16999999999992,-120.0,7276ff002e062cf2
15.920000000000009,108.17499999999993,-120.0,7276ff002e062cf2
15.920000000000009,108.17999999999992,-120.0,7276ff002e062cf2
15.920000000000009,108.1849999999999,-120.0,7276ff002e062cf2
15.920000000000009,108.1899999999999,-120.0,7276ff002e062cf2
15.920000000000009,108.1949999999999,-120.0,7276ff002e062cf2
15.920000000000009,108.19999999999987,-120.0,7276ff002e062cf2
15.920000000000009,108.20499999999988,-120.0,7276ff002e062cf2
15.920000000000009,108.20999999999988,-120.0,7276ff002e062cf2
15.920000000000009,108.21499999999988,-120.0,7276ff002e062cf2
15.920000000000009,108.21999999999989,-120.0,7276ff002e062cf2
15.920000000000009,108.22499999999988,-120.0,7276ff002e062cf2
15.920000000000009,108.22999999999986,-120.0,7276ff002e062cf2
15.920000000000009,108.23499999999986,-120.0,7276ff002e062cf2
15.920000000000009,108.23999999999984,-120.0,7276ff002e062cf2
15.920000000000009,108.24499999999983,-120.0,7276ff002e062cf2
15.920000000000009,108.24999999999984,-120.0,7276ff002e062cf2
15.920000000000009,108.25499999999984,-120.0,7276ff002e062cf2
15.920000000000009,108.25999999999983,-120.0,7276ff002e062cf2
15.920000000000009,108.26499999999984,-118.0,7276ff002e062cf2
15.920000000000009,108.26999999999984,-120.0,7276ff002e062cf2
15.920000000000009,108.27499999999982,-120.0,7276ff002e062cf2
15.920000000000009,108.27999999999982,-120.0,7276ff002e062cf2
15.920000000000009,108.2849999999998,-120.0,7276ff002e062cf2
15.920000000000009,108.2899999999998,-120.0,7276ff002e062cf2
15.920000000000009,108.2949999999998,-120.0,7276ff002e062cf2
15.920000000000009,108.2999999999998,-120.0,7276ff002e062cf2
15.920000000000009,108.3049999999998,-120.0,7276ff002e062cf2
15.920000000000009,108.3099999999998,-120.0,7276ff002e062cf2
15.920000000000009,108.31499999999978,-120.0,7276ff002e062cf2
15.925000000000008,108.08,-120.0,7276ff002e062cf2
15.925000000000008,108.085,-120.0,7276ff002e062cf2
15.925000000000008,108.09,-120.0,7276ff002e062cf2
15.925000000000008,108.09499999999998,-120.0,7276ff002e062cf2
15.925000000000008,108.09999999999998,-120.0,7276ff002e062cf2
15.925000000000008,108.10499999999998,-120.0,7276ff002e062cf2
15.925000000000008,108.10999999999996,-120.0,7276ff002e062cf2
15.925000000000008,108.11499999999997,-120.0,7276ff002e062cf2
15.925000000000008,108.11999999999996,-120.0,7276ff002e062cf2
15.925000000000008,108.12499999999996,-120.0,7276ff002e062cf2
15.925000000000008,108.12999999999997,-120.0,7276ff002e062cf2
15.925000000000008,108.13499999999996,-120.0,7276ff002e062cf2
15.925000000000008,108.13999999999994,-120.0,7276ff002e062cf2
15.925000000000008,108.14499999999994,-120.0,7276ff002e062cf2
15.925000000000008,108.14999999999992,-120.0,7276ff002e062cf2
15.925000000000008,108.15499999999992,-120.0,7276ff002e062cf2
15.925000000000008,108.15999999999993,-120.0,7276ff002e062cf2
15.925000000000008,108.16499999999992,-120.0,7276ff002e062cf2
15.925000000000008,108.16999999999992,-120.0,7276ff002e062cf2
15.925000000000008,108.17499999999993,-120.0,7276ff002e062cf2
15.925000000000008,108.17999999999992,-120.0,7276ff002e062cf2
15.925000000000008,108.1849999999999,-120.0,7276ff002e062cf2
15.925000000000008,108.1899999999999,-120.0,7276ff002e062cf2
15.925000000000008,108.1949999999999,-120.0,7276ff002e062cf2
15.925000000000008,108.19999999999987,-120.0,7276ff002e062cf2
15.925000000000008,108.20499999999988,-120.0,7276ff002e062cf2
15.925000000000008,108.20999999999988,-120.0,7276ff002e062cf2
15.925000000000008,108.21499999999988,-120.0,7276ff002e062cf2
15.925000000000008,108.21999999999989,-120.0,7276ff002e062cf2
15.925000000000008,108.22499999999988,-120.0,7276ff002e062cf2
15.925000000000008,108.22999999999986,-120.0,7276ff002e062cf2
15.925000000000008,108.23499999999986,-120.0,7276ff002e062cf2
15.925000000000008,108.23999999999984,-120.0,7276ff002e062cf2
15.925000000000008,108.24499999999983,-120.0,7276ff002e062cf2
15.925000000000008,108.24999999999984,-120.0,7276ff002e062cf2
15.925000000000008,108.25499999999984,-120.0,7276ff002e062cf2
15.925000000000008,108.25999999999983,-115.0,7276ff002e062cf2
15.925000000000008,108.26499999999984,-120.0,7276ff002e062cf2
15.925000000000008,108.26999999999984,-120.0,7276ff002e062cf2
15.925000000000008,108.27499999999982,-120.0,7276ff002e062cf2
15.925000000000008,108.27999999999982,-120.0,7276ff002e062cf2
15.925000000000008,108.2849999999998,-120.0,7276ff002e062cf2
15.925000000000008,108.2899999999998,-120.0,7276ff002e062cf2
15.925000000000008,108.2949999999998,-120.0,7276ff002e062cf2
15.925000000000008,108.2999999999998,-120.0,7276ff002e062cf2
15.925000000000008,108.3049999999998,-120.0,7276ff002e062cf2
15.925000000000008,108.3099999999998,-120.0,7276ff002e062cf2
15.925000000000008,108.31499999999978,-120.0,7276ff002e062cf2
15.930000000000009,108.08,-120.0,7276ff002e062cf2
15.930000000000009,108.085,-120.0,7276ff002e062cf2
15.930000000000009,108.09,-120.0,7276ff002e062cf2
15.930000000000009,108.09499999999998,-120.0,7276ff002e062cf2
15.930000000000009,108.09999999999998,-120.0,7276ff002e062cf2
15.930000000000009,108.10499999999998,-120.0,7276ff002e062cf2
15.930000000000009,108.10999999999996,-120.0,7276ff002e062cf2
15.930000000000009,108.11499999999997,-120.0,7276ff002e062cf2
15.930000000000009,108.11999999999996,-120.0,7276ff002e062cf2
15.930000000000009,108.12499999999996,-120.0,7276ff002e062cf2
15.930000000000009,108.12999999999997,-120.0,7276ff002e062cf2
15.930000000000009,108.13499999999996,-120.0,7276ff002e062cf2
15.930000000000009,108.13999999999994,-120.0,7276ff002e062cf2
15.930000000000009,108.14499999999994,-120.0,7276ff002e062cf2
15.930000000000009,108.14999999999992,-120.0,7276ff002e062cf2
15.930000000000009,108.15499999999992,-120.0,7276ff002e062cf2
15.930000000000009,108.15999999999993,-120.0,7276ff002e062cf2
15.930000000000009,108.16499999999992,-120.0,7276ff002e062cf2
15.930000000000009,108.16999999999992,-120.0,7276ff002e062cf2
15.930000000000009,108.17499999999993,-120.0,7276ff002e062cf2
15.930000000000009,108.17999999999992,-120.0,7276ff002e062cf2
15.930000000000009,108.1849999999999,-120.0,7276ff002e062cf2
15.930000000000009,108.1899999999999,-120.0,7276ff002e062cf2
15.930000000000009,108.1949999999999,-120.0,7276ff002e062cf2
15.930000000000009,108.19999999999987,-120.0,7276ff002e062cf2
15.930000000000009,108.20499999999988,-120.0,7276ff002e062cf2
15.930000000000009,108.20999999999988,-120.0,7276ff002e062cf2
15.930000000000009,108.21499999999988,-120.0,7276ff002e062cf2
15.930000000000009,108.21999999999989,-120.0,7276ff002e062cf2
15.930000000000009,108.22499999999988,-120.0,7276ff002e062cf2
15.930000000000009,108.22999999999986,-120.0,7276ff002e062cf2
15.930000000000009,108.23499999999986,-120.0,7276ff002e062cf2
15.930000000000009,108.23999999999984,-120.0,7276ff002e062cf2
15.930000000000009,108.24499999999983,-120.0,7276ff002e062cf2
15.930000000000009,108.24999999999984,-120.0,7276ff002e062cf2
15.930000000000009,108.25499999999984,-118.0,7276ff002e062cf2
15.930000000000009,108.25999999999983,-120.0,7276ff002e062cf2
15.930000000000009,108.26499999999984,-120.0,7276ff002e062cf2
15.930000000000009,108.26999999999984,-120.0,7276ff002e062cf2
15.930000000000009,108.27499999999982,-120.0,7276ff002e062cf2
15.930000000000009,108.27999999999982,-120.0,7276ff002e062cf2
15.930000000000009,108.2849999999998,-120.0,7276ff002e062cf2
15.930000000000009,108.2899999999998,-120.0,7276ff002e062cf2
15.930000000000009,108.2949999999998,-120.0,7276ff002e062cf2
15.930000000000009,108.2999999999998,-120.0,7276ff002e062cf2
15.930000000000009,108.3049999999998,-120.0,7276ff002e062cf2
15.930000000000009,108.3099999999998,-120.0,7276ff002e062cf2
15.930000000000009,108.31499999999978,-120.0,7276ff002e062cf2
15.93500000000001,108.08,-120.0,7276ff002e062cf2
15.93500000000001,108.085,-120.0,7276ff002e062cf2
15.93500000000001,108.09,-120.0,7276ff002e062cf2
15.93500000000001,108.09499999999998,-120.0,7276ff002e062cf2
15.93500000000001,108.09999999999998,-120.0,7276ff002e062cf2
15.93500000000001,108.10499999999998,-120.0,7276ff002e062cf2
15.93500000000001,108.10999999999996,-120.0,7276ff002e062cf2
15.93500000000001,108.11499999999997,-120.0,7276ff002e062cf2
15.93500000000001,108.11999999999996,-120.0,7276ff002e062cf2
15.93500000000001,108.12499999999996,-120.0,7276ff002e062cf2
15.93500000000001,108.12999999999997,-120.0,7276ff002e062cf2
15.93500000000001,108.13499999999996,-120.0,7276ff002e062cf2
15.93500000000001,108.13999999999994,-120.0,7276ff002e062cf2
15.93500000000001,108.14499999999994,-120.0,7276ff002e062cf2
15.93500000000001,108.14999999999992,-120.0,7276ff002e062cf2
15.93500000000001,108.15499999999992,-120.0,7276ff002e062cf2
15.93500000000001,108.15999999999993,-120.0,7276ff002e061f5b
15.93500000000001,108.16499999999992,-120.0,7276ff002e061f5b
15.93500000000001,108.16999999999992,-120.0,7276ff002e061f5b
15.93500000000001,108.17499999999993,-120.0,7276ff002e061f5b
15.93500000000001,108.17999999999992,-120.0,7276ff002e061f5b
15.93500000000001,108.1849999999999,-120.0,7276ff002e062cf2
15.93500000000001,108.1899999999999,-120.0,7276ff002e062cf2
15.93500000000001,108.1949999999999,-120.0,7276ff002e062cf2
15.93500000000001,108.19999999999987,-120.0,7276ff002e062cf2
15.93500000000001,108.20499999999988,-120.0,7276ff002e062cf2
15.93500000000001,108.20999999999988,-120.0,7276ff002e062cf2
15.93500000000001,108.21499999999988,-120.0,7276ff002e062cf2
15.93500000000001,108.21999999999989,-120.0,7276ff002e062cf2
15.93500000000001,108.22499999999988,-120.0,7276ff002e062cf2
15.93500000000001,108.22999999999986,-120.0,7276ff002e062cf2
15.93500000000001,108.23499999999986,-120.0,7276ff002e062cf2
15.93500000000001,108.23999999999984,-120.0,7276ff002e062cf2
15.93500000000001,108.24499999999983,-120.0,7276ff002e062cf2
15.93500000000001,108.24999999999984,-120.0,7276ff002e062cf2
15.93500000000001,108.25499999999984,-115.0,7276ff002e062cf2
15.93500000000001,108.25999999999983,-120.0,7276ff002e062cf2
15.93500000000001,108.26499999999984,-120.0,7276ff002e062cf2
15.93500000000001,108.26999999999984,-120.0,7276ff002e062cf2
15.93500000000001,108.27499999999982,-120.0,7276ff002e062cf2
15.93500000000001,108.27999999999982,-120.0,7276ff002e062cf2
15.93500000000001,108.2849999999998,-120.0,7276ff002e062cf2
15.93500000000001,108.2899999999998,-120.0,7276ff002e062cf2
15.93500000000001,108.2949999999998,-120.0,7276ff002e062cf2
15.93500000000001,108.2999999999998,-120.0,7276ff002e062cf2
15.93500000000001,108.3049999999998,-120.0,7276ff002e062cf2
15.93500000000001,108.3099999999998,-120.0,7276ff002e062cf2
15.93500000000001,108.31499999999978,-120.0,7276ff002e062cf2
15.94000000000001,108.08,-120.0,7276ff002e062cf2
15.94000000000001,108.085,-120.0,7276ff002e062cf2
15.94000000000001,108.09,-120.0,7276ff002e062cf2
15.94000000000001,108.09499999999998,-120.0,7276ff002e062cf2
15.94000000000001,108.09999999999998,-120.0,7276ff002e062cf2
15.94000000000001,108.10499999999998,-120.0,7276ff002e062cf2
15.94000000000001,108.10999999999996,-120.0,7276ff002e062cf2
15.94000000000001,108.11499999999997,-120.0,7276ff002e062cf2
15.94000000000001,108.11999999999996,-120.0,7276ff002e062cf2
15.94000000000001,108.12499999999996,-120.0,7276ff002e062cf2
15.94000000000001,108.12999999999997,-120.0,7276ff002e062cf2
15.94000000000001,108.13499999999996,-120.0,7276ff002e062cf2
15.94000000000001,108.13999999999994,-120.0,7276ff002e062cf2
15.94000000000001,108.14499999999994,-120.0,7276ff002e062cf2
15.94000000000001,108.14999999999992,-120.0,7276ff002e062cf2
15.94000000000001,108.15499999999992,-120.0,7276ff002e062cf2
15.94000000000001,108.15999999999993,-120.0,7276ff002e062cf2
15.94000000000001,108.16499999999992,-120.0,7276ff002e061f5b
15.94000000000001,108.16999999999992,-120.0,7276ff002e061f5b
15.94000000000001,108.17499999999993,-120.0,7276ff002e061f5b
15.94000000000001,108.17999999999992,-120.0,7276ff002e061f5b
15.94000000000001,108.1849999999999,-120.0,7276ff002e061f5b
15.94000000000001,108.1899999999999,-120.0,7276ff002e061f5b
15.94000000000001,108.1949999999999,-120.0,7276ff002e061f5b
15.94000000000001,108.19999999999987,-120.0,7276ff002e061f5b
15.94000000000001,108.20499999999988,-120.0,7276ff002e061f5b
15.94000000000001,108.20999999999988,-120.0,7276ff002e061f5b
15.94000000000001,108.21499999999988,-120.0,7276ff002e062cf2
15.94000000000001,108.21999999999989,-120.0,7276ff002e062cf2
15.94000000000001,108.22499999999988,-120.0,7276ff002e062cf2
15.94000000000001,108.22999999999986,-120.0,7276ff002e062cf2
15.94000000000001,108.23499999999986,-120.0,7276ff002e062cf2
15.94000000000001,108.23999999999984,-120.0,7276ff002e062cf2
15.94000000000001,108.24499999999983,-120.0,7276ff002e062cf2
15.94000000000001,108.24999999999984,-120.0,7276ff002e062cf2
15.94000000000001,108.25499999999984,-117.0,7276ff002e062cf2
15.94000000000001,108.25999999999983,-120.0,7276ff002e062cf2
15.94000000000001,108.26499999999984,-120.0,7276ff002e062cf2
15.94000000000001,108.26999999999984,-120.0,7276ff002e062cf2
15.94000000000001,108.27499999999982,-120.0,7276ff002e062cf2
15.94000000000001,108.27999999999982,-120.0,7276ff002e062cf2
15.94000000000001,108.2849999999998,-120.0,7276ff002e062cf2
15.94000000000001,108.2899999999998,-120.0,7276ff002e062cf2
15.94000000000001,108.2949999999998,-120.0,7276ff002e062cf2
15.94000000000001,108.2999999999998,-120.0,7276ff002e062cf2
15.94000000000001,108.3049999999998,-120.0,7276ff002e062cf2
15.94000000000001,108.3099999999998,-120.0,7276ff002e062cf2
15.94000000000001,108.31499999999978,-120.0,7276ff002e062cf2
15.945000000000013,108.08,-120.0,7276ff002e062cf2
15.945000000000013,108.085,-120.0,7276ff002e062cf2
15.945000000000013,108.09,-120.0,7276ff002e062cf2
15.945000000000013,108.09499999999998,-120.0,7276ff002e062cf2
15.945000000000013,108.09999999999998,-120.0,7276ff002e062cf2
15.945000000000013,108.10499999999998,-120.0,7276ff002e062cf2
15.945000000000013,108.10999999999996,-120.0,7276ff002e062cf2
15.945000000000013,108.11499999999997,-120.0,7276ff002e062cf2
15.945000000000013,108.11999999999996,-120.0,7276ff002e062cf2
15.945000000000013,108.12499999999996,-120.0,7276ff002e062cf2
15.945000000000013,108.12999999999997,-120.0,7276ff002e062cf2
15.945000000000013,108.13499999999996,-120.0,7276ff002e062cf2
15.945000000000013,108.13999999999994,-120.0,7276ff002e062cf2
15.945000000000013,108.14499999999994,-120.0,7276ff002e062cf2
15.945000000000013,108.14999999999992,-120.0,7276ff002e062cf2
15.945000000000013,108.15499999999992,-120.0,7276ff002e062cf2
15.945000000000013,108.15999999999993,-120.0,7276ff002e062cf2
15.945000000000013,108.16499999999992,-120.0,7276ff002e062cf2
15.945000000000013,108.16999999999992,-120.0,7276ff002e062cf2
15.945000000000013,108.17499999999993,-120.0,7276ff002e061f5b
15.945000000000013,108.17999999999992,-120.0,7276ff002e061f5b
15.945000000000013,108.1849999999999,-120.0,7276ff002e061f5b
15.945000000000013,108.1899999999999,-120.0,7276ff002e061f5b
15.945000000000013,108.1949999999999,-120.0,7276ff002e061f5b
15.945000000000013,108.19999999999987,-120.0,7276ff002e061f5b
15.945000000000013,108.20499999999988,-120.0,7276ff002e061f5b
15.945000000000013,108.20999999999988,-120.0,7276ff002e061f5b
15.945000000000013,108.21499999999988,-120.0,7276ff002e061f5b
15.945000000000013,108.21999999999989,-120.0,7276ff002e061f5b
15.945000000000013,108.22499999999988,-120.0,7276ff002e061f5b
15.945000000000013,108.22999999999986,-120.0,7276ff002e061f5b
15.945000000000013,108.23499999999986,-120.0,7276ff002e061f5b
15.945000000000013,108.23999999999984,-117.66582658492096,7276ff002e062cf2
15.945000000000013,108.24499999999983,-117.64773897574425,7276ff002e062cf2
15.945000000000013,108.24999999999984,-117.63087795209348,7276ff002e062cf2
15.945000000000013,108.25499999999984,-117.0,7276ff002e062cf2
15.945000000000013,108.25999999999983,-117.736883609946,7276ff002e062cf2
15.945000000000013,108.26499999999984,-117.79317643130685,7276ff002e062cf2
15.945000000000013,108.26999999999984,-117.9882910934584,7276ff002e062cf2
15.945000000000013,108.27499999999982,-118.06038215033853,7276ff002e062cf2
15.945000000000013,108.27999999999982,-118.08397978729369,7276ff002e062cf2
15.945000000000013,108.2849999999998,-117.93705018932032,7276ff002e062cf2
15.945000000000013,108.2899999999998,-118.14103145693738,7276ff002e062cf2
15.945000000000013,108.2949999999998,-118.10106363715022,7276ff002e062cf2
15.945000000000013,108.2999999999998,-117.96665552347422,7276ff002e062cf2
15.945000000000013,108.3049999999998,-117.37074776093304,7276ff002e062cf2
15.945000000000013,108.3099999999998,-118.21290532793223,7276ff002e062cf2
15.945000000000013,108.31499999999978,-118.29347502673262,7276ff002e062cf2
15.950000000000012,108.08,-120.0,7276ff002e062cf2
15.950000000000012,108.085,-120.0,7276ff002e062cf2
15.950000000000012,108.09,-120.0,7276ff002e062cf2
15.950000000000012,108.09499999999998,-120.0,7276ff002e062cf2
15.950000000000012,108.09999999999998,-120.0,7276ff002e062cf2
15.950000000000012,108.10499999999998,-120.0,7276ff002e062cf2
15.950000000000012,108.10999999999996,-120.0,7276ff002e062cf2
15.950000000000012,108.11499999999997,-120.0,7276ff002e062cf2
15.950000000000012,108.11999999999996,-120.0,7276ff002e062cf2
15.950000000000012,108.12499999999996,-120.0,7276ff002e062cf2
15.950000000000012,108.12999999999997,-120.0,7276ff002e062cf2
15.950000000000012,108.13499999999996,-120.0,7276ff002e062cf2
15.950000000000012,108.13999999999994,-120.0,7276ff002e062cf2
15.950000000000012,108.14499999999994,-120.0,7276ff002e062cf2
15.950000000000012,108.14999999999992,-120.0,7276ff002e062cf2
15.950000000000012,108.15499999999992,-120.0,7276ff002e062cf2
15.950000000000012,108.15999999999993,-120.0,7276ff002e062cf2
15.950000000000012,108.16499999999992,-120.0,7276ff002e062cf2
15.950000000000012,108.16999999999992,-120.0,7276ff002e062cf2
15.950000000000012,108.17499999999993,-120.0,7276ff002e062cf2
15.950000000000012,108.17999999999992,-120.0,7276ff002e062cf2
15.950000000000012,108.1849999999999,-120.0,7276ff002e061f5b
15.950000000000012,108.1899999999999,-120.0,7276ff002e061f5b
15.950000000000012,108.1949999999999,-120.0,7276ff002e061f5b
15.950000000000012,108.19999999999987,-120.0,7276ff002e061f5b
15.950000000000012,108.20499999999988,-120.0,7276ff002e061f5b
15.950000000000012,108.20999999999988,-120.0,7276ff002e061f5b
15.950000000000012,108.21499999999988,-120.0,7276ff002e061f5b
15.950000000000012,108.21999999999989,-120.0,7276ff002e061f5b
15.950000000000012,108.22499999999988,-120.0,7276ff002e061f5b
15.950000000000012,108.22999999999986,-120.0,7276ff002e061f5b
15.950000000000012,108.23499999999986,-120.0,7276ff002e061f5b
15.950000000000012,108.23999999999984,-120.0,7276ff002e061f5b
15.950000000000012,108.24499999999983,-120.0,7276ff002e061f5b
15.950000000000012,108.24999999999984,-116.3352121821746,7276ff002e062cf2
15.950000000000012,108.25499999999984,-116.20958958158502,7276ff002e062cf2
15.950000000000012,108.25999999999983,-115.70104775783028,7276ff002e062cf2
15.950000000000012,108.26499999999984,-116.01650363718116,7276ff002e062cf2
15.950000000000012,108.26999999999984,-115.9554710035882,7276ff002e062cf2
15.950000000000012,108.27499999999982,-115.9180539443159,7276ff002e062cf2
15.950000000000012,108.27999999999982,-116.20988505369128,7276ff002e062cf2
15.950000000000012,108.2849999999998,-115.81468748915889,7276ff002e062cf2
15.950000000000012,108.2899999999998,-115.8457569159432,7276ff002e062cf2
15.950000000000012,108.2949999999998,-116.27802405985504,7276ff002e062cf2
15.950000000000012,108.2999999999998,-116.4990846025238,7276ff002e062cf2
15.950000000000012,108.3049999999998,-115.73733218593402,7276ff002e062cf2
15.950000000000012,108.3099999999998,-117.12273937547243,7276ff002e062cf2
15.950000000000012,108.31499999999978,-117.10291497659298,7276ff002e062cf2
15.955000000000013,108.08,-120.0,7276ff002e062cf2
15.955000000000013,108.085,-120.0,7276ff002e062cf2
15.955000000000013,108.09,-120.0,7276ff002e062cf2
15.955000000000013,108.09499999999998,-120.0,7276ff002e062cf2
15.955000000000013,108.09999999999998,-120.0,7276ff002e062cf2
15.955000000000013,108.10499999999998,-120.0,7276ff002e062cf2
15.955000000000013,108.10999999999996,-120.0,7276ff002e062cf2
15.955000000000013,108.11499999999997,-120.0,7276ff002e062cf2
15.955000000000013,108.11999999999996,-120.0,7276ff002e062cf2
15.955000000000013,108.12499999999996,-120.0,7276ff002e062cf2
15.955000000000013,108.12999999999997,-120.0,7276ff002e062cf2
15.955000000000013,108.13499999999996,-120.0,7276ff002e062cf2
15.955000000000013,108.13999999999994,-120.0,7276ff002e062cf2
15.955000000000013,108.14499999999994,-120.0,7276ff002e062cf2
15.955000000000013,108.14999999999992,-120.0,7276ff002e062cf2
15.955000000000013,108.15499999999992,-120.0,7276ff002e062cf2
15.955000000000013,108.15999999999993,-120.0,7276ff002e062cf2
15.955000000000013,108.16499999999992,-120.0,7276ff002e062cf2
15.955000000000013,108.16999999999992,-120.0,7276ff002e062cf2
15.955000000000013,108.17499999999993,-120.0,7276ff002e062cf2
15.955000000000013,108.17999999999992,-120.0,7276ff002e062cf2
15.955000000000013,108.1849999999999,-120.0,7276ff002e062cf2
15.955000000000013,108.1899999999999,-120.0,7276ff002e061f5b
15.955000000000013,108.1949999999999,-120.0,7276ff002e061f5b
15.955000000000013,108.19999999999987,-120.0,7276ff002e061f5b
15.955000000000013,108.20499999999988,-120.0,7276ff002e061f5b
15.955000000000013,108.20999999999988,-120.0,7276ff002e061f5b
15.955000000000013,108.21499999999988,-120.0,7276ff002e061f5b
15.955000000000013,108.21999999999989,-120.0,7276ff002e061f5b
15.955000000000013,108.22499999999988,-120.0,7276ff002e061f5b
15.955000000000013,108.22999999999986,-120.0,7276ff002e061f5b
15.955000000000013,108.23499999999986,-120.0,7276ff002e061f5b
15.955000000000013,108.23999999999984,-120.0,7276ff002e061f5b
15.955000000000013,108.24499999999983,-120.0,7276ff002e061f5b
15.955000000000013,108.24999999999984,-109.0,7276ff002e061f5b
15.955000000000013,108.25499999999984,-115.0,7276ff002e061f5b
15.955000000000013,108.25999999999983,-120.0,7276ff002e061f5b
15.955000000000013,108.26499999999984,-120.0,7276ff002e061f5b
15.955000000000013,108.26999999999984,-120.0,7276ff002e061f5b
15.955000000000013,108.27499999999982,-120.0,7276ff002e061f5b
15.955000000000013,108.27999999999982,-120.0,7276ff002e061f5b
15.955000000000013,108.2849999999998,-120.0,7276ff002e061f5b
15.955000000000013,108.2899999999998,-120.0,7276ff002e061f5b
15.955000000000013,108.2949999999998,-120.0,7276ff002e061f5b
15.955000000000013,108.2999999999998,-120.0,7276ff002e061f5b
15.955000000000013,108.3049999999998,-120.0,7276ff002e061f5b
15.955000000000013,108.3099999999998,-120.0,7276ff002e061f5b
15.955000000000013,108.31499999999978,-120.0,7276ff002e061f5b
15.960000000000012,108.08,-120.0,7276ff002e062cf2
15.960000000000012,108.085,-120.0,7276ff002e062cf2
15.960000000000012,108.09,-120.0,7276ff002e062cf2
15.960000000000012,108.09499999999998,-120.0,7276ff002e062cf2
15.960000000000012,108.09999999999998,-120.0,7276ff002e062cf2
15.960000000000012,108.10499999999998,-120.0,7276ff002e062cf2
15.960000000000012,108.10999999999996,-120.0,7276ff002e062cf2
15.960000000000012,108.11499999999997,-120.0,7276ff002e062cf2
15.960000000000012,108.11999999999996,-120.0,7276ff002e062cf2
15.960000000000012,108.12499999999996,-120.0,7276ff002e062cf2
15.960000000000012,108.12999999999997,-120.0,7276ff002e062cf2
15.960000000000012,108.13499999999996,-120.0,7276ff002e062cf2
15.960000000000012,108.13999999999994,-120.0,7276ff002e062cf2
15.960000000000012,108.14499999999994,-120.0,7276ff002e062cf2
15.960000000000012,108.14999999999992,-120.0,7276ff002e062cf2
15.960000000000012,108.15499999999992,-120.0,7276ff002e062cf2
15.960000000000012,108.15999999999993,-120.0,7276ff002e062cf2
15.960000000000012,108.16499999999992,-120.0,7276ff002e062cf2
15.960000000000012,108.16999999999992,-120.0,7276ff002e062cf2
15.960000000000012,108.17499999999993,-120.0,7276ff002e062cf2
15.960000000000012,108.17999999999992,-120.0,7276ff002e062cf2
15.960000000000012,108.1849999999999,-120.0,7276ff002e062cf2
15.960000000000012,108.1899999999999,-115.7413594986636,7276ff002e062cf2
15.960000000000012,108.1949999999999,-115.29629688107748,7276ff002e062cf2
15.960000000000012,108.19999999999987,-120.0,7276ff002e061f5b
15.960000000000012,108.20499999999988,-115.303180647956,7276ff002e062cf2
15.960000000000012,108.20999999999988,-115.75454391532878,7276ff002e062cf2
15.960000000000012,108.21499999999988,-120.0,7276ff002e061f5b
15.960000000000012,108.21999999999989,-120.0,7276ff002e061f5b
15.960000000000012,108.22499999999988,-120.0,7276ff002e061f5b
15.960000000000012,108.22999999999986,-120.0,7276ff002e061f5b
15.960000000000012,108.23499999999986,-120.0,7276ff002e061f5b
15.960000000000012,108.23999999999984,-120.0,7276ff002e061f5b
15.960000000000012,108.24499999999983,-120.0,7276ff002e061f5b
15.960000000000012,108.24999999999984,-115.4549651519191,7276ff002e062cf2
15.960000000000012,108.25499999999984,-114.0,7276ff002e062cf2
15.960000000000012,108.25999999999983,-115.81289391637426,7276ff002e062cf2
15.960000000000012,108.26499999999984,-115.5681890803016,7276ff002e062cf2
15.960000000000012,108.26999999999984,-115.50384411250155,7276ff002e062cf2
15.960000000000012,108.27499999999982,-115.58397414427009,7276ff002e062cf2
15.960000000000012,108.27999999999982,-116.0765014172681,7276ff002e062cf2
15.960000000000012,108.2849999999998,-115.7353519416786,7276ff002e062cf2
15.960000000000012,108.2899999999998,-115.92824550408156,7276ff002e062cf2
15.960000000000012,108.2949999999998,-115.47356674396842,7276ff002e062cf2
15.960000000000012,108.2999999999998,-115.49353862132686,7276ff002e062cf2
15.960000000000012,108.3049999999998,-115.44720225185488,7276ff002e062cf2
15.960000000000012,108.3099999999998,-115.62674341627964,7276ff002e062cf2
15.960000000000012,108.31499999999978,-115.73443401031936,7276ff002e062cf2
15.965000000000014,108.08,-120.0,7276ff002e062cf2
15.965000000000014,108.085,-120.0,7276ff002e062cf2
15.965000000000014,108.09,-120.0,7276ff002e062cf2
15.965000000000014,108.09499999999998,-120.0,7276ff002e062cf2
15.965000000000014,108.09999999999998,-120.0,7276ff002e062cf2
15.965000000000014,108.10499999999998,-120.0,7276ff002e062cf2
15.965000000000014,108.10999999999996,-120.0,7276ff002e062cf2
15.965000000000014,108.11499999999997,-120.0,7276ff002e062cf2
15.965000000000014,108.11999999999996,-120.0,7276ff002e062cf2
15.965000000000014,108.12499999999996,-120.0,7276ff002e062cf2
15.965000000000014,108.12999999999997,-120.0,7276ff002e062cf2
15.965000000000014,108.13499999999996,-120.0,7276ff002e062cf2
15.965000000000014,108.13999999999994,-120.0,7276ff002e062cf2
15.965000000000014,108.14499999999994,-120.0,7276ff002e062cf2
15.965000000000014,108.14999999999992,-120.0,7276ff002e062cf2
15.965000000000014,108.15499999999992,-120.0,7276ff002e062cf2
15.965000000000014,108.15999999999993,-120.0,7276ff002e062cf2
15.965000000000014,108.16499999999992,-120.0,7276ff002e062cf2
15.965000000000014,108.16999999999992,-120.0,7276ff002e062cf2
15.965000000000014,108.17499999999993,-120.0,7276ff002e062cf2
15.965000000000014,108.17999999999992,-120.0,7276ff002e061f5b
15.965000000000014,108.1849999999999,-115.54145371886896,7276ff002e062cf2
15.965000000000014,108.1899999999999,-115.22791324643556,7276ff002e062cf2
15.965000000000014,108.1949999999999,-115.67043909024304,7276ff002e062cf2
15.965000000000014,108.19999999999987,-114.746178334028,7276ff002e062cf2
15.965000000000014,108.20499999999988,-115.11951587287568,7276ff002e062cf2
15.965000000000014,108.20999999999988,-115.1723218127972,7276ff002e062cf2
15.965000000000014,108.21499999999988,-114.94523838750553,7276ff002e062cf2
15.965000000000014,108.21999999999989,-114.89477643776324,7276ff002e062cf2
15.965000000000014,108.22499999999988,-115.1616019061034,7276ff002e062cf2
15.965000000000014,108.22999999999986,-120.0,7276ff002e061f5b
15.965000000000014,108.23499999999986,-120.0,7276ff002e061f5b
15.965000000000014,108.23999999999984,-115.59038271808193,7276ff002e062cf2
15.965000000000014,108.24499999999983,-116.04831353853815,7276ff002e062cf2
15.965000000000014,108.24999999999984,-115.31856572224088,7276ff002e062cf2
15.965000000000014,108.25499999999984,-119.0,7276ff002e062cf2
15.965000000000014,108.25999999999983,-116.68596004210976,7276ff002e062cf2
15.965000000000014,108.26499999999984,-116.77843700760982,7276ff002e062cf2
15.965000000000014,108.26999999999984,-116.83572727543084,7276ff002e062cf2
15.965000000000014,108.27499999999982,-116.6909397449903,7276ff002e062cf2
15.965000000000014,108.27999999999982,-116.74350653791184,7276ff002e062cf2
15.965000000000014,108.2849999999998,-116.1872923643469,7276ff002e062cf2
15.965000000000014,108.2899999999998,-116.41770543489191,7276ff002e062cf2
15.965000000000014,108.2949999999998,-115.3254366156938,7276ff002e062cf2
15.965000000000014,108.2999999999998,-115.32211033086747,7276ff002e062cf2
15.965000000000014,108.3049999999998,-115.36248028516926,7276ff002e062cf2
15.965000000000014,108.3099999999998,-115.69094161210693,7276ff002e062cf2
15.965000000000014,108.31499999999978,-115.74518107072043,7276ff002e062cf2
15.970000000000017,108.08,-120.0,7276ff002e062cf2
15.970000000000017,108.085,-120.0,7276ff002e062cf2
15.970000000000017,108.09,-120.0,7276ff002e062cf2
15.970000000000017,108.09499999999998,-120.0,7276ff002e062cf2
15.970000000000017,108.09999999999998,-120.0,7276ff002e062cf2
15.970000000000017,108.10499999999998,-120.0,7276ff002e062cf2
15.970000000000017,108.10999999999996,-120.0,7276ff002e062cf2
15.970000000000017,108.11499999999997,-120.0,7276ff002e062cf2
15.970000000000017,108.11999999999996,-120.0,7276ff002e062cf2
15.970000000000017,108.12499999999996,-120.0,7276ff002e062cf2
15.970000000000017,108.12999999999997,-120.0,7276ff002e062cf2
15.970000000000017,108.13499999999996,-120.0,7276ff002e062cf2
15.970000000000017,108.13999999999994,-120.0,7276ff002e062cf2
15.970000000000017,108.14499999999994,-120.0,7276ff002e062cf2
15.970000000000017,108.14999999999992,-120.0,7276ff002e062cf2
15.970000000000017,108.15499999999992,-120.0,7276ff002e062cf2
15.970000000000017,108.15999999999993,-120.0,7276ff002e062cf2
15.970000000000017,108.16499999999992,-120.0,7276ff002e062cf2
15.970000000000017,108.16999999999992,-120.0,7276ff002e062cf2
15.970000000000017,108.17499999999993,-116.18342175583192,7276ff002e062cf2
15.970000000000017,108.17999999999992,-115.57854725038275,7276ff002e062cf2
15.970000000000017,108.1849999999999,-120.0,7276ff002e061f5b
15.970000000000017,108.1899999999999,-115.49174810002388,7276ff002e062cf2
15.970000000000017,108.1949999999999,-115.45669571395406,7276ff002e062cf2
15.970000000000017,108.19999999999987,-115.47520846560704,7276ff002e062cf2
15.970000000000017,108.20499999999988,-114.97343129225472,7276ff002e062cf2
15.970000000000017,108.20999999999988,-115.43215914402587,7276ff002e062cf2
15.970000000000017,108.21499999999988,-120.0,7276ff002e061f5b
15.970000000000017,108.21999999999989,-115.19678183104897,7276ff002e062cf2
15.970000000000017,108.22499999999988,-114.72716266931756,7276ff002e062cf2
15.970000000000017,108.22999999999986,-114.57471294669216,7276ff002e062cf2
15.970000000000017,108.23499999999986,-120.0,7276ff002e061f5b
15.970000000000017,108.23999999999984,-120.0,7276ff002e061f5b
15.970000000000017,108.24499999999983,-116.01687781094432,7276ff002e062cf2
15.970000000000017,108.24999999999984,-116.92471885222405,7276ff002e062cf2
15.970000000000017,108.25499999999984,-118.0,7276ff002e062cf2
15.970000000000017,108.25999999999983,-117.17065429817126,7276ff002e062cf2
15.970000000000017,108.26499999999984,-116.50473513396146,7276ff002e062cf2
15.970000000000017,108.26999999999984,-116.81973441439648,7276ff002e062cf2
15.970000000000017,108.27499999999982,-116.6403857023558,7276ff002e062cf2
15.970000000000017,108.27999999999982,-117.66183718599966,7276ff002e062cf2
15.970000000000017,108.2849999999998,-116.8984382497638,7276ff002e062cf2
15.970000000000017,108.2899999999998,-116.49738957751268,7276ff002e062cf2
15.970000000000017,108.2949999999998,-116.71453365650596,7276ff002e062cf2
15.970000000000017,108.2999999999998,-116.63284333065064,7276ff002e062cf2
15.970000000000017,108.3049999999998,-116.78248563862202,7276ff002e062cf2
15.970000000000017,108.3099999999998,-116.86914047788233,7276ff002e062cf2
15.970000000000017,108.31499999999978,-117.02366698163196,7276ff002e062cf2
15.975000000000016,108.08,-120.0,7276ff002e062cf2
15.975000000000016,108.085,-120.0,7276ff002e062cf2
15.975000000000016,108.09,-120.0,7276ff002e062cf2
15.975000000000016,108.09499999999998,-120.0,7276ff002e062cf2
15.975000000000016,108.09999999999998,-120.0,7276ff002e062cf2
15.975000000000016,108.10499999999998,-120.0,7276ff002e062cf2
15.975000000000016,108.10999999999996,-120.0,7276ff002e062cf2
15.975000000000016,108.11499999999997,-120.0,7276ff002e062cf2
15.975000000000016,108.11999999999996,-120.0,7276ff002e062cf2
15.975000000000016,108.12499999999996,-120.0,7276ff002e062cf2
15.975000000000016,108.12999999999997,-120.0,7276ff002e062cf2
15.975000000000016,108.13499999999996,-120.0,7276ff002e062cf2
15.975000000000016,108.13999999999994,-120.0,7276ff002e062cf2
15.975000000000016,108.14499999999994,-120.0,7276ff002e062cf2
15.975000000000016,108.14999999999992,-120.0,7276ff002e062cf2
15.975000000000016,108.15499999999992,-120.0,7276ff002e062cf2
15.975000000000016,108.15999999999993,-120.0,7276ff002e062cf2
15.975000000000016,108.16499999999992,-115.87043247597764,7276ff002e062cf2
15.975000000000016,108.16999999999992,-116.0255449160769,7276ff002e062cf2
15.975000000000016,108.17499999999993,-116.20340394220564,7276ff002e062cf2
15.975000000000016,108.17999999999992,-115.9801049389607,7276ff002e062cf2
15.975000000000016,108.1849999999999,-115.77482151187448,7276ff002e062cf2
15.975000000000016,108.1899999999999,-120.0,7276ff002e061f5b
15.975000000000016,108.1949999999999,-115.3679171728799,7276ff002e062cf2
15.975000000000016,108.19999999999987,-115.63178466248442,7276ff002e062cf2
15.975000000000016,108.20499999999988,-115.4203950783256,7276ff002e062cf2
15.975000000000016,108.20999999999988,-115.5413082042666,7276ff002e062cf2
15.975000000000016,108.21499999999988,-114.89913620487964,7276ff002e062cf2
15.975000000000016,108.21999999999989,-115.52275818127116,7276ff002e062cf2
15.975000000000016,108.22499999999988,-115.2139977289962,7276ff002e062cf2
15.975000000000016,108.22999999999986,-114.75599287341306,7276ff002e062cf2
15.975000000000016,108.23499999999986,-114.5111938303613,7276ff002e062cf2
15.975000000000016,108.23999999999984,-120.0,7276ff002e061f5b
15.975000000000016,108.24499999999983,-120.0,7276ff002e061f5b
15.975000000000016,108.24999999999984,-116.37264590577014,7276ff002e062cf2
15.975000000000016,108.25499999999984,-115.0,7276ff002e062cf2
15.975000000000016,108.25999999999983,-116.60664056166884,7276ff002e062cf2
15.975000000000016,108.26499999999984,-115.9289397461028,7276ff002e062cf2
15.975000000000016,108.26999999999984,-116.48375845832034,7276ff002e062cf2
15.975000000000016,108.27499999999982,-116.63494496971056,7276ff002e062cf2
15.975000000000016,108.27999999999982,-120.0,7276ff002e061f5b
15.975000000000016,108.2849999999998,-116.3859922800979,7276ff002e062cf2
15.975000000000016,108.2899999999998,-120.0,7276ff002e061f5b
15.975000000000016,108.2949999999998,-120.0,7276ff002e061f5b
15.975000000000016,108.2999999999998,-120.0,7276ff002e061f5b
15.975000000000016,108.3049999999998,-120.0,7276ff002e061f5b
15.975000000000016,108.3099999999998,-120.0,7276ff002e061f5b
15.975000000000016,108.31499999999978,-120.0,7276ff002e061f5b
15.980000000000016,108.08,-120.0,7276ff002e062cf2
15.980000000000016,108.085,-120.0,7276ff002e062cf2
15.980000000000016,108.09,-120.0,7276ff002e062cf2
15.980000000000016,108.09499999999998,-120.0,7276ff002e062cf2
15.980000000000016,108.09999999999998,-120.0,7276ff002e062cf2
15.980000000000016,108.10499999999998,-120.0,7276ff002e062cf2
15.980000000000016,108.10999999999996,-120.0,7276ff002e062cf2
15.980000000000016,108.11499999999997,-120.0,7276ff002e062cf2
15.980000000000016,108.11999999999996,-120.0,7276ff002e062cf2
15.980000000000016,108.12499999999996,-120.0,7276ff002e062cf2
15.980000000000016,108.12999999999997,-120.0,7276ff002e062cf2
15.980000000000016,108.13499999999996,-120.0,7276ff002e062cf2
15.980000000000016,108.13999999999994,-120.0,7276ff002e062cf2
15.980000000000016,108.14499999999994,-120.0,7276ff002e062cf2
15.980000000000016,108.14999999999992,-120.0,7276ff002e062cf2
15.980000000000016,108.15499999999992,-120.0,7276ff002e062cf2
15.980000000000016,108.15999999999993,-116.5185152167543,7276ff002e062cf2
15.980000000000016,108.16499999999992,-116.30806151308164,7276ff002e062cf2
15.980000000000016,108.16999999999992,-115.59690784142296,7276ff002e062cf2
15.980000000000016,108.17499999999993,-116.08032445763578,7276ff002e062cf2
15.980000000000016,108.17999999999992,-115.47326501345144,7276ff002e062cf2
15.980000000000016,108.1849999999999,-115.45532035377408,7276ff002e062cf2
15.980000000000016,108.1899999999999,-120.0,7276ff002e061f5b
15.980000000000016,108.1949999999999,-120.0,7276ff002e061f5b
15.980000000000016,108.19999999999987,-115.3278839862174,7276ff002e062cf2
15.980000000000016,108.20499999999988,-115.50914625048952,7276ff002e062cf2
15.980000000000016,108.20999999999988,-115.00361332474549,7276ff002e062cf2
15.980000000000016,108.21499999999988,-115.87818125227,7276ff002e062cf2
15.980000000000016,108.21999999999989,-114.83595860211696,7276ff002e062cf2
15.980000000000016,108.22499999999988,-115.0653010117678,7276ff002e062cf2
15.980000000000016,108.22999999999986,-120.0,7276ff002e061f5b
15.980000000000016,108.23499999999986,-114.76640667443506,7276ff002e062cf2
15.980000000000016,108.23999999999984,-112.53941408936488,7276ff002e062cf2
15.980000000000016,108.24499999999983,-120.0,7276ff002e061f5b
15.980000000000016,108.24999999999984,-120.0,7276ff002e061f5b
15.980000000000016,108.25499999999984,-117.0,7276ff002e062cf2
15.980000000000016,108.25999999999983,-115.7830807068392,7276ff002e062cf2
15.980000000000016,108.26499999999984,-120.0,7276ff002e061f5b
15.980000000000016,108.26999999999984,-116.23668353191697,7276ff002e062cf2
15.980000000000016,108.27499999999982,-120.0,7276ff002e061f5b
15.980000000000016,108.27999999999982,-120.0,7276ff002e061f5b
15.980000000000016,108.2849999999998,-120.0,7276ff002e061f5b
15.980000000000016,108.2899999999998,-120.0,7276ff002e061f5b
15.980000000000016,108.2949999999998,-120.0,7276ff002e061f5b
15.980000000000016,108.2999999999998,-120.0,7276ff002e061f5b
15.980000000000016,108.3049999999998,-120.0,7276ff002e061f5b
15.980000000000016,108.3099999999998,-120.0,7276ff002e061f5b
15.980000000000016,108.31499999999978,-120.0,7276ff002e061f5b
15.985000000000015,108.08,-120.0,7276ff002e062cf2
15.985000000000015,108.085,-120.0,7276ff002e062cf2
15.985000000000015,108.09,-120.0,7276ff002e062cf2
15.985000000000015,108.09499999999998,-120.0,7276ff002e062cf2
15.985000000000015,108.09999999999998,-120.0,7276ff002e062cf2
15.985000000000015,108.10499999999998,-120.0,7276ff002e062cf2
15.985000000000015,108.10999999999996,-120.0,7276ff002e062cf2
15.985000000000015,108.11499999999997,-120.0,7276ff002e062cf2
15.985000000000015,108.11999999999996,-120.0,7276ff002e062cf2
15.985000000000015,108.12499999999996,-120.0,7276ff002e062cf2
15.985000000000015,108.12999999999997,-120.0,7276ff002e062cf2
15.985000000000015,108.13499999999996,-120.0,7276ff002e062cf2
15.985000000000015,108.13999999999994,-120.0,7276ff002e062cf2
15.985000000000015,108.14499999999994,-120.0,7276ff002e062cf2
15.985000000000015,108.14999999999992,-120.0,7276ff002e062cf2
15.985000000000015,108.15499999999992,-116.25390888687171,7276ff002e062cf2
15.985000000000015,108.15999999999993,-116.30611285559382,7276ff002e062cf2
15.985000000000015,108.16499999999992,-116.21814260261668,7276ff002e062cf2
15.985000000000015,108.16999999999992,-116.58047511647337,7276ff002e062cf2
15.985000000000015,108.17499999999993,-115.99518791517863,7276ff002e062cf2
15.985000000000015,108.17999999999992,-115.34480797766832,7276ff002e062cf2
15.985000000000015,108.1849999999999,-115.5400739913729,7276ff002e062cf2
15.985000000000015,108.1899999999999,-115.53449310065162,7276ff002e062cf2
15.985000000000015,108.1949999999999,-120.0,7276ff002e061f5b
15.985000000000015,108.19999999999987,-120.0,7276ff002e061f5b
15.985000000000015,108.20499999999988,-115.0001889214776,7276ff002e062cf2
15.985000000000015,108.20999999999988,-115.18673296292688,7276ff002e062cf2
15.985000000000015,108.21499999999988,-114.81229994619372,7276ff002e062cf2
15.985000000000015,108.21999999999989,-115.51731091321248,7276ff002e062cf2
15.985000000000015,108.22499999999988,-115.21853281460194,7276ff002e062cf2
15.985000000000015,108.22999999999986,-113.9638872764415,7276ff002e062cf2
15.985000000000015,108.23499999999986,-114.51851030445856,7276ff002e062cf2
15.985000000000015,108.23999999999984,-114.93849719948456,7276ff002e062cf2
15.985000000000015,108.24499999999983,-120.0,7276ff002e061f5b
15.985000000000015,108.24999999999984,-120.0,7276ff002e061f5b
15.985000000000015,108.25499999999984,-120.0,7276ff002e061f5b
15.985000000000015,108.25999999999983,-115.26819554604909,7276ff002e062cf2
15.985000000000015,108.26499999999984,-120.0,7276ff002e061f5b
15.985000000000015,108.26999999999984,-120.0,7276ff002e061f5b
15.985000000000015,108.27499999999982,-120.0,7276ff002e061f5b
15.985000000000015,108.27999999999982,-120.0,7276ff002e061f5b
15.985000000000015,108.2849999999998,-120.0,7276ff002e061f5b
15.985000000000015,108.2899999999998,-120.0,7276ff002e061f5b
15.985000000000015,108.2949999999998,-120.0,7276ff002e061f5b
15.985000000000015,108.2999999999998,-120.0,7276ff002e061f5b
15.985000000000015,108.3049999999998,-120.0,7276ff002e061f5b
15.985000000000015,108.3099999999998,-120.0,7276ff002e061f5b
15.985000000000015,108.31499999999978,-120.0,7276ff002e061f5b
15.990000000000018,108.08,-120.0,7276ff002e062cf2
15.990000000000018,108.085,-120.0,7276ff002e062cf2
15.990000000000018,108.09,-120.0,7276ff002e062cf2
15.990000000000018,108.09499999999998,-120.0,7276ff002e062cf2
15.990000000000018,108.09999999999998,-120.0,7276ff002e062cf2
15.990000000000018,108.10499999999998,-120.0,7276ff002e062cf2
15.990000000000018,108.10999999999996,-120.0,7276ff002e062cf2
15.990000000000018,108.11499999999997,-120.0,7276ff002e062cf2
15.990000000000018,108.11999999999996,-120.0,7276ff002e062cf2
15.990000000000018,108.12499999999996,-120.0,7276ff002e062cf2
15.990000000000018,108.12999999999997,-120.0,7276ff002e062cf2
15.990000000000018,108.13499999999996,-120.0,7276ff002e062cf2
15.990000000000018,108.13999999999994,-120.0,7276ff002e062cf2
15.990000000000018,108.14499999999994,-120.0,7276ff002e062cf2
15.990000000000018,108.14999999999992,-116.54437381999657,7276ff002e062cf2
15.990000000000018,108.15499999999992,-115.75200091470236,7276ff002e062cf2
15.990000000000018,108.15999999999993,-116.31567707350035,7276ff002e062cf2
15.990000000000018,108.16499999999992,-116.14950524832426,7276ff002e062cf2
15.990000000000018,108.16999999999992,-115.97374200422917,7276ff002e062cf2
15.990000000000018,108.17499999999993,-115.45925709547517,7276ff002e062cf2
15.990000000000018,108.17999999999992,-115.53510171788376,7276ff002e062cf2
15.990000000000018,108.1849999999999,-115.3489478178661,7276ff002e062cf2
15.990000000000018,108.1899999999999,-115.8480135231175,7276ff002e062cf2
15.990000000000018,108.1949999999999,-115.40446683753744,7276ff002e062cf2
15.990000000000018,108.19999999999987,-112.1800093243918,7276ff002e061f5b
15.990000000000018,108.20499999999988,-111.87217078939705,7276ff002e061f5b
15.990000000000018,108.20999999999988,-114.76385247017042,7276ff002e062cf2
15.990000000000018,108.21499999999988,-114.96471025000308,7276ff002e062cf2
15.990000000000018,108.21999999999989,-113.54742426791032,7276ff002e062cf2
15.990000000000018,108.22499999999988,-114.55850442844638,7276ff002e062cf2
15.990000000000018,108.22999999999986,-114.9679386850951,7276ff002e062cf2
15.990000000000018,108.23499999999986,-114.4733454708392,7276ff002e062cf2
15.990000000000018,108.23999999999984,-115.7521425270345,7276ff002e062cf2
15.990000000000018,108.24499999999983,-112.13550857694656,7276ff002e061f5b
15.990000000000018,108.24999999999984,-112.08934942916696,7276ff002e061f5b
15.990000000000018,108.25499999999984,-112.1990066093277,7276ff002e061f5b
15.990000000000018,108.25999999999983,-114.58738710239032,7276ff002e062cf2
15.990000000000018,108.26499999999984,-114.94419368004792,7276ff002e062cf2
15.990000000000018,108.26999999999984,-115.0989368765061,7276ff002e062cf2
15.990000000000018,108.27499999999982,-115.51500343723995,7276ff002e062cf2
15.990000000000018,108.27999999999982,-114.98612451593206,7276ff002e062cf2
15.990000000000018,108.2849999999998,-120.0,7276ff002e061f5b
15.990000000000018,108.2899999999998,-120.0,7276ff002e061f5b
15.990000000000018,108.2949999999998,-120.0,7276ff002e061f5b
15.990000000000018,108.2999999999998,-120.0,7276ff002e061f5b
15.990000000000018,108.3049999999998,-120.0,7276ff002e061f5b
15.990000000000018,108.3099999999998,-120.0,7276ff002e061f5b
15.990000000000018,108.31499999999978,-120.0,7276ff002e061f5b
15.99500000000002,108.08,-120.0,7276ff002e062cf2
15.99500000000002,108.085,-120.0,7276ff002e062cf2
15.99500000000002,108.09,-120.0,7276ff002e062cf2
15.99500000000002,108.09499999999998,-120.0,7276ff002e062cf2
15.99500000000002,108.09999999999998,-120.0,7276ff002e062cf2
15.99500000000002,108.10499999999998,-120.0,7276ff002e062cf2
15.99500000000002,108.10999999999996,-120.0,7276ff002e062cf2
15.99500000000002,108.11499999999997,-120.0,7276ff002e062cf2
15.99500000000002,108.11999999999996,-120.0,7276ff002e062cf2
15.99500000000002,108.12499999999996,-120.0,7276ff002e062cf2
15.99500000000002,108.12999999999997,-120.0,7276ff002e062cf2
15.99500000000002,108.13499999999996,-120.0,7276ff002e062cf2
15.99500000000002,108.13999999999994,-115.47159184008102,7276ff002e062cf2
15.99500000000002,108.14499999999994,-116.52998684274256,7276ff002e062cf2
15.99500000000002,108.14999999999992,-116.1229670049876,7276ff002e062cf2
15.99500000000002,108.15499999999992,-116.93041223003908,7276ff002e062cf2
15.99500000000002,108.15999999999993,-115.4881653131078,7276ff002e062cf2
15.99500000000002,108.16499999999992,-115.55047729478038,7276ff002e062cf2
15.99500000000002,108.16999999999992,-115.9469412044398,7276ff002e062cf2
15.99500000000002,108.17499999999993,-116.26811625241147,7276ff002e062cf2
15.99500000000002,108.17999999999992,-115.85272075339684,7276ff002e062cf2
15.99500000000002,108.1849999999999,-115.0751453480909,7276ff002e062cf2
15.99500000000002,108.1899999999999,-115.58997910630858,7276ff002e062cf2
15.99500000000002,108.1949999999999,-115.77782812321114,7276ff002e062cf2
15.99500000000002,108.19999999999987,-115.15667466907026,7276ff002e062cf2
15.99500000000002,108.20499999999988,-111.91014686109637,7276ff002e061f5b
15.99500000000002,108.20999999999988,-112.15105946047969,7276ff002e061f5b
15.99500000000002,108.21499999999988,-114.61626461018663,7276ff002e062cf2
15.99500000000002,108.21999999999989,-114.2278938657698,7276ff002e062cf2
15.99500000000002,108.22499999999988,-111.44332941003928,7276ff002e062cf2
15.99500000000002,108.22999999999986,-113.05412224104904,7276ff002e062cf2
15.99500000000002,108.23499999999986,-118.0,7276ff002e062cf2
15.99500000000002,108.23999999999984,-114.70412178511188,7276ff002e062cf2
15.99500000000002,108.24499999999983,-114.20154828861008,7276ff002e062cf2
15.99500000000002,108.24999999999984,-112.67404155676424,7276ff002e061f5b
15.99500000000002,108.25499999999984,-112.8146186665759,7276ff002e061f5b
15.99500000000002,108.25999999999983,-114.72502163807286,7276ff002e062cf2
15.99500000000002,108.26499999999984,-114.92210480101032,7276ff002e062cf2
15.99500000000002,108.26999999999984,-115.0850141834475,7276ff002e062cf2
15.99500000000002,108.27499999999982,-114.70780225452197,7276ff002e062cf2
15.99500000000002,108.27999999999982,-114.74858857930828,7276ff002e062cf2
15.99500000000002,108.2849999999998,-114.79036914836716,7276ff002e062cf2
15.99500000000002,108.2899999999998,-114.78266369143095,7276ff002e062cf2
15.99500000000002,108.2949999999998,-114.79386812492848,7276ff002e062cf2
15.99500000000002,108.2999999999998,-114.85972840449568,7276ff002e062cf2
15.99500000000002,108.3049999999998,-120.0,7276ff002e061f5b
15.99500000000002,108.3099999999998,-120.0,7276ff002e061f5b
15.99500000000002,108.31499999999978,-120.0,7276ff002e061f5b
16.00000000000002,108.08,-120.0,7276ff002e062cf2
16.00000000000002,108.085,-120.0,7276ff002e062cf2
16.00000000000002,108.09,-120.0,7276ff002e062cf2
16.00000000000002,108.09499999999998,-120.0,7276ff002e062cf2
16.00000000000002,108.09999999999998,-120.0,7276ff002e062cf2
16.00000000000002,108.10499999999998,-120.0,7276ff002e062cf2
16.00000000000002,108.10999999999996,-120.0,7276ff002e062cf2
16.00000000000002,108.11499999999997,-120.0,7276ff002e062cf2
16.00000000000002,108.11999999999996,-120.0,7276ff002e062cf2
16.00000000000002,108.12499999999996,-120.0,7276ff002e062cf2
16.00000000000002,108.12999999999997,-120.0,7276ff002e062cf2
16.00000000000002,108.13499999999996,-120.0,7276ff002e062cf2
16.00000000000002,108.13999999999994,-115.58876507375476,7276ff002e062cf2
16.00000000000002,108.14499999999994,-116.6742638820861,7276ff002e062cf2
16.00000000000002,108.14999999999992,-117.05639837126496,7276ff002e062cf2
16.00000000000002,108.15499999999992,-120.0,7276ff002e061f5b
16.00000000000002,108.15999999999993,-117.28493801380874,7276ff002e062cf2
16.00000000000002,108.16499999999992,-116.38979930790208,7276ff002e062cf2
16.00000000000002,108.16999999999992,-117.10923077383292,7276ff002e062cf2
16.00000000000002,108.17499999999993,-116.7910722985037,7276ff002e062cf2
16.00000000000002,108.17999999999992,-115.69225252126576,7276ff002e062cf2
16.00000000000002,108.1849999999999,-115.17131090224257,7276ff002e062cf2
16.00000000000002,108.1899999999999,-114.88200707838786,7276ff002e062cf2
16.00000000000002,108.1949999999999,-114.98939766107394,7276ff002e062cf2
16.00000000000002,108.19999999999987,-114.62570016504849,7276ff002e062cf2
16.00000000000002,108.20499999999988,-115.42309595512238,7276ff002e062cf2
16.00000000000002,108.20999999999988,-112.0975397511754,7276ff002e061f5b
16.00000000000002,108.21499999999988,-111.79220544560492,7276ff002e061f5b
16.00000000000002,108.21999999999989,-114.19752484582,7276ff002e062cf2
16.00000000000002,108.22499999999988,-112.96965744996828,7276ff002e062cf2
16.00000000000002,108.22999999999986,-105.0,7276ff002e061f5b
16.00000000000002,108.23499999999986,-113.50385651122392,7276ff002e062cf2
16.00000000000002,108.23999999999984,-114.20420911327288,7276ff002e062cf2
16.00000000000002,108.24499999999983,-113.93925803764289,7276ff002e062cf2
16.00000000000002,108.24999999999984,-114.22825625770092,7276ff002e062cf2
16.00000000000002,108.25499999999984,-112.85486049424443,7276ff002e061f5b
16.00000000000002,108.25999999999983,-115.46223819962768,7276ff002e062cf2
16.00000000000002,108.26499999999984,-114.8449923565748,7276ff002e062cf2
16.00000000000002,108.26999999999984,-114.86673192075978,7276ff002e062cf2
16.00000000000002,108.27499999999982,-114.42974951111069,7276ff002e062cf2
16.00000000000002,108.27999999999982,-114.6634841482139,7276ff002e062cf2
16.00000000000002,108.2849999999998,-114.75408842991956,7276ff002e062cf2
16.00000000000002,108.2899999999998,-114.69551465326882,7276ff002e062cf2
16.00000000000002,108.2949999999998,-114.68810963431118,7276ff002e062cf2
16.00000000000002,108.2999999999998,-114.6975067732083,7276ff002e062cf2
16.00000000000002,108.3049999999998,-114.84476432790936,7276ff002e062cf2
16.00000000000002,108.3099999999998,-114.8203592118772,7276ff002e062cf2
16.00000000000002,108.31499999999978,-114.96466917335331,7276ff002e062cf2
16.00500000000002,108.08,-120.0,7276ff002e062cf2
16.00500000000002,108.085,-120.0,7276ff002e062cf2
16.00500000000002,108.09,-120.0,7276ff002e062cf2
16.00500000000002,108.09499999999998,-120.0,7276ff002e062cf2
16.00500000000002,108.09999999999998,-120.0,7276ff002e062cf2
16.00500000000002,108.10499999999998,-120.0,7276ff002e062cf2
16.00500000000002,108.10999999999996,-120.0,7276ff002e062cf2
16.00500000000002,108.11499999999997,-120.0,7276ff002e062cf2
16.00500000000002,108.11999999999996,-120.0,7276ff002e062cf2
16.00500000000002,108.12499999999996,-120.0,7276ff002e062cf2
16.00500000000002,108.12999999999997,-120.0,7276ff002e062cf2
16.00500000000002,108.13499999999996,-114.6516074619445,7276ff002e062cf2
16.00500000000002,108.13999999999994,-115.16913476386104,7276ff002e062cf2
16.00500000000002,108.14499999999994,-115.61632088387836,7276ff002e062cf2
16.00500000000002,108.14999999999992,-116.16448747205054,7276ff002e062cf2
16.00500000000002,108.15499999999992,-120.0,7276ff002e061f5b
16.00500000000002,108.15999999999993,-111.8259624904356,7276ff002e061f5b
16.00500000000002,108.16499999999992,-112.34283084587818,7276ff002e061f5b
16.00500000000002,108.16999999999992,-117.32672369281222,7276ff002e062cf2
16.00500000000002,108.17499999999993,-116.33904938829043,7276ff002e062cf2
16.00500000000002,108.17999999999992,-116.28484710575847,7276ff002e062cf2
16.00500000000002,108.1849999999999,-116.1725758917675,7276ff002e062cf2
16.00500000000002,108.1899999999999,-115.88639583114754,7276ff002e062cf2
16.00500000000002,108.1949999999999,-115.4960117799006,7276ff002e062cf2
16.00500000000002,108.19999999999987,-114.2464457494728,7276ff002e062cf2
16.00500000000002,108.20499999999988,-114.10705624069288,7276ff002e062cf2
16.00500000000002,108.20999999999988,-111.2394666544845,7276ff002e061f5b
16.00500000000002,108.21499999999988,-114.16059339658344,7276ff002e062cf2
16.00500000000002,108.21999999999989,-110.94786219637724,7276ff002e061f5b
16.00500000000002,108.22499999999988,-114.0,7276ff002e062cf2
16.00500000000002,108.22999999999986,-110.9342615241994,7276ff002e062cf2
16.00500000000002,108.23499999999986,-112.49237543109189,7276ff002e062cf2
16.00500000000002,108.23999999999984,-113.05204343167718,7276ff002e062cf2
16.00500000000002,108.24499999999983,-114.28380493130663,7276ff002e062cf2
16.00500000000002,108.24999999999984,-114.09136553089104,7276ff002e062cf2
16.00500000000002,108.25499999999984,-114.84055801970575,7276ff002e062cf2
16.00500000000002,108.25999999999983,-115.65931023703112,7276ff002e062cf2
16.00500000000002,108.26499999999984,-115.3645245874574,7276ff002e062cf2
16.00500000000002,108.26999999999984,-114.38665695034388,7276ff002e062cf2
16.00500000000002,108.27499999999982,-114.3543275636326,7276ff002e062cf2
16.00500000000002,108.27999999999982,-114.39062143934754,7276ff002e062cf2
16.00500000000002,108.2849999999998,-114.40734488257095,7276ff002e062cf2
16.00500000000002,108.2899999999998,-114.61378183662264,7276ff002e062cf2
16.00500000000002,108.2949999999998,-114.58687768521852,7276ff002e062cf2
16.00500000000002,108.2999999999998,-114.61381013556432,7276ff002e062cf2
16.00500000000002,108.3049999999998,-114.71445350115116,7276ff002e062cf2
16.00500000000002,108.3099999999998,-114.73937561938055,7276ff002e062cf2
16.00500000000002,108.31499999999978,-114.82023601492018,7276ff002e062cf2
16.01000000000002,108.08,-120.0,7276ff002e062cf2
16.01000000000002,108.085,-120.0,7276ff002e062cf2
16.01000000000002,108.09,-120.0,7276ff002e062cf2
16.01000000000002,108.09499999999998,-120.0,7276ff002e062cf2
16.01000000000002,108.09999999999998,-120.0,7276ff002e062cf2
16.01000000000002,108.10499999999998,-120.0,7276ff002e062cf2
16.01000000000002,108.10999999999996,-120.0,7276ff002e062cf2
16.01000000000002,108.11499999999997,-120.0,7276ff002e062cf2
16.01000000000002,108.11999999999996,-120.0,7276ff002e062cf2
16.01000000000002,108.12499999999996,-120.0,7276ff002e062cf2
16.01000000000002,108.12999999999997,-115.12629282115786,7276ff002e062cf2
16.01000000000002,108.13499999999996,-115.2749792910198,7276ff002e062cf2
16.01000000000002,108.13999999999994,-117.1156918743282,7276ff002e062cf2
16.01000000000002,108.14499999999994,-116.25547941221032,7276ff002e062cf2
16.01000000000002,108.14999999999992,-114.42617377607505,7276ff002e062cf2
16.01000000000002,108.15499999999992,-120.0,ac1f09fffe0fd629
16.01000000000002,108.15999999999993,-112.30147654745726,7276ff002e061f5b
16.01000000000002,108.16499999999992,-112.71104980118898,7276ff002e061f5b
16.01000000000002,108.16999999999992,-112.39310125948408,7276ff002e061f5b
16.01000000000002,108.17499999999993,-117.14065673660632,7276ff002e062cf2
16.01000000000002,108.17999999999992,-116.84038268350484,7276ff002e062cf2
16.01000000000002,108.1849999999999,-116.05931059145432,7276ff002e062cf2
16.01000000000002,108.1899999999999,-115.03179621065222,7276ff002e062cf2
16.01000000000002,108.1949999999999,-115.49341627807355,7276ff002e062cf2
16.01000000000002,108.19999999999987,-114.54598186792532,7276ff002e062cf2
16.01000000000002,108.20499999999988,-112.30634532336376,7276ff002e061f5b
16.01000000000002,108.20999999999988,-113.66169536849132,7276ff002e062cf2
16.01000000000002,108.21499999999988,-114.08961389490126,7276ff002e062cf2
16.01000000000002,108.21999999999989,-114.69114979935344,7276ff002e062cf2
16.01000000000002,108.22499999999988,-113.42363922463883,7276ff002e062cf2
16.01000000000002,108.22999999999986,-113.43765227631438,7276ff002e062cf2
16.01000000000002,108.23499999999986,-112.1189868882092,7276ff002e061f5b
16.01000000000002,108.23999999999984,-113.1686615496558,7276ff002e062cf2
16.01000000000002,108.24499999999983,-113.08159527318465,7276ff002e062cf2
16.01000000000002,108.24999999999984,-113.13166903124068,7276ff002e062cf2
16.01000000000002,108.25499999999984,-114.58156958203917,7276ff002e062cf2
16.01000000000002,108.25999999999983,-115.4248852250824,7276ff002e062cf2
16.01000000000002,108.26499999999984,-115.08446880373872,7276ff002e062cf2
16.01000000000002,108.26999999999984,-114.07010179524896,7276ff002e062cf2
16.01000000000002,108.27499999999982,-114.13183924183016,7276ff002e062cf2
16.01000000000002,108.27999999999982,-114.12038625037717,7276ff002e062cf2
16.01000000000002,108.2849999999998,-114.15445218444307,7276ff002e062cf2
16.01000000000002,108.2899999999998,-114.09716857120584,7276ff002e062cf2
16.01000000000002,108.2949999999998,-114.39484717161628,7276ff002e062cf2
16.01000000000002,108.2999999999998,-114.47494024492914,7276ff002e062cf2
16.01000000000002,108.3049999999998,-114.59142276020704,7276ff002e062cf2
16.01000000000002,108.3099999999998,-114.67021435749864,7276ff002e062cf2
16.01000000000002,108.31499999999978,-114.81328915885584,7276ff002e062cf2
16.015000000000022,108.08,-120.0,7276ff002e062cf2
16.015000000000022,108.085,-120.0,7276ff002e062cf2
16.015000000000022,108.09,-120.0,7276ff002e062cf2
16.015000000000022,108.09499999999998,-117.0,7276ff002e062cf2
16.015000000000022,108.09999999999998,-120.0,7276ff002e062cf2
16.015000000000022,108.10499999999998,-120.0,7276ff002e062cf2
16.015000000000022,108.10999999999996,-120.0,7276ff002e062cf2
16.015000000000022,108.11499999999997,-120.0,7276ff002e062cf2
16.015000000000022,108.11999999999996,-120.0,7276ff002e062cf2
16.015000000000022,108.12499999999996,-114.80242294183796,7276ff002e062cf2
16.015000000000022,108.12999999999997,-115.5228604107312,7276ff002e062cf2
16.015000000000022,108.13499999999996,-116.30994603767134,7276ff002e062cf2
16.015000000000022,108.13999999999994,-117.15342158899246,7276ff002e062cf2
16.015000000000022,108.14499999999994,-114.90851367421628,7276ff002e062cf2
16.015000000000022,108.14999999999992,-112.42947273166476,7276ff002e061f5b
16.015000000000022,108.15499999999992,-120.0,ac1f09fffe0fd629
16.015000000000022,108.15999999999993,-111.5552497569602,7276ff002e061f5b
16.015000000000022,108.16499999999992,-112.4294153102144,7276ff002e061f5b
16.015000000000022,108.16999999999992,-112.60185695193977,7276ff002e061f5b
16.015000000000022,108.17499999999993,-112.92120440291198,7276ff002e061f5b
16.015000000000022,108.17999999999992,-112.29576150725124,7276ff002e061f5b
16.015000000000022,108.1849999999999,-116.1492875853498,7276ff002e062cf2
16.015000000000022,108.1899999999999,-116.38193983830296,7276ff002e062cf2
16.015000000000022,108.1949999999999,-115.90721294996382,7276ff002e062cf2
16.015000000000022,108.19999999999987,-114.73394513421869,7276ff002e062cf2
16.015000000000022,108.20499999999988,-114.56975502371468,7276ff002e062cf2
16.015000000000022,108.20999999999988,-111.05632933168576,7276ff002e061f5b
16.015000000000022,108.21499999999988,-111.0,7276ff002e061f5b
16.015000000000022,108.21999999999989,-110.86379569201844,7276ff002e061f5b
16.015000000000022,108.22499999999988,-113.7496503750781,7276ff002e062cf2
16.015000000000022,108.22999999999986,-112.4822378311514,7276ff002e061f5b
16.015000000000022,108.23499999999986,-112.5188517991752,7276ff002e062cf2
16.015000000000022,108.23999999999984,-111.17360166549342,7276ff002e061f5b
16.015000000000022,108.24499999999983,-113.2888081123687,7276ff002e062cf2
16.015000000000022,108.24999999999984,-113.43625059862894,7276ff002e062cf2
16.015000000000022,108.25499999999984,-127.89773386869535,ac1f09fffe06fcf2
16.015000000000022,108.25999999999983,-127.50857753357762,ac1f09fffe06fcf2
16.015000000000022,108.26499999999984,-127.67889987789997,ac1f09fffe06fcf2
16.015000000000022,108.26999999999984,-113.8842953977996,7276ff002e062cf2
16.015000000000022,108.27499999999982,-113.85651768464515,7276ff002e062cf2
16.015000000000022,108.27999999999982,-113.91536883349632,7276ff002e062cf2
16.015000000000022,108.2849999999998,-113.88792488855236,7276ff002e062cf2
16.015000000000022,108.2899999999998,-113.95152449407507,7276ff002e062cf2
16.015000000000022,108.2949999999998,-114.01916204078296,7276ff002e062cf2
16.015000000000022,108.2999999999998,-114.19301396459215,7276ff002e062cf2
16.015000000000022,108.3049999999998,-114.28305551334545,7276ff002e062cf2
16.015000000000022,108.3099999999998,-114.3702432725262,7276ff002e062cf2
16.015000000000022,108.31499999999978,-114.6559367204446,7276ff002e062cf2
16.020000000000024,108.08,-120.0,7276ff002e062cf2
16.020000000000024,108.085,-120.0,7276ff002e062cf2
16.020000000000024,108.09,-120.0,7276ff002e062cf2
16.020000000000024,108.09499999999998,-120.0,7276ff002e062cf2
16.020000000000024,108.09999999999998,-118.0,7276ff002e062cf2
16.020000000000024,108.10499999999998,-120.0,7276ff002e062cf2
16.020000000000024,108.10999999999996,-120.0,7276ff002e062cf2
16.020000000000024,108.11499999999997,-120.0,7276ff002e062cf2
16.020000000000024,108.11999999999996,-115.2894362820694,7276ff002e062cf2
16.020000000000024,108.12499999999996,-115.4713868804294,7276ff002e062cf2
16.020000000000024,108.12999999999997,-115.32623761919744,7276ff002e062cf2
16.020000000000024,108.13499999999996,-115.87486624200837,7276ff002e062cf2
16.020000000000024,108.13999999999994,-114.84972239402752,7276ff002e062cf2
16.020000000000024,108.14499999999994,-112.65069062423512,7276ff002e061f5b
16.020000000000024,108.14999999999992,-120.0,ac1f09fffe0fd629
16.020000000000024,108.15499999999992,-112.5416232155658,7276ff002e061f5b
16.020000000000024,108.15999999999993,-111.93830545465468,7276ff002e061f5b
16.020000000000024,108.16499999999992,-111.40080614643578,7276ff002e061f5b
16.020000000000024,108.16999999999992,-116.7184490203898,7276ff002e062cf2
16.020000000000024,108.17499999999993,-112.57142088350793,7276ff002e061f5b
16.020000000000024,108.17999999999992,-111.73549611004634,7276ff002e061f5b
16.020000000000024,108.1849999999999,-111.9216931931578,7276ff002e061f5b
16.020000000000024,108.1899999999999,-114.731554749078,7276ff002e062cf2
16.020000000000024,108.1949999999999,-117.0,7276ff002e062cf2
16.020000000000024,108.19999999999987,-116.18891309872822,7276ff002e062cf2
16.020000000000024,108.20499999999988,-114.85561449214832,7276ff002e062cf2
16.020000000000024,108.20999999999988,-113.54377622749551,7276ff002e062cf2
16.020000000000024,108.21499999999988,-129.41510439560437,ac1f09fffe06fcf2
16.020000000000024,108.21999999999989,-129.28154517704513,ac1f09fffe06fcf2
16.020000000000024,108.22499999999988,-128.60668743739393,ac1f09fffe06fcf2
16.020000000000024,108.22999999999986,-126.76907936507946,ac1f09fffe06fcf2
16.020000000000024,108.23499999999986,-127.40151404151406,ac1f09fffe06fcf2
16.020000000000024,108.23999999999984,-127.25188783438789,ac1f09fffe06fcf2
16.020000000000024,108.24499999999983,-127.27297990044144,ac1f09fffe06fcf2
16.020000000000024,108.24999999999984,-127.5235464450081,ac1f09fffe06fcf2
16.020000000000024,108.25499999999984,-127.4582887667889,ac1f09fffe06fcf2
16.020000000000024,108.25999999999983,-127.04869536019552,ac1f09fffe06fcf2
16.020000000000024,108.26499999999984,-127.58800305250313,ac1f09fffe06fcf2
16.020000000000024,108.26999999999984,-127.58367521367528,ac1f09fffe06fcf2
16.020000000000024,108.27499999999982,-120.0,ac1f09fffe06fcf2
16.020000000000024,108.27999999999982,-120.0,ac1f09fffe06fcf2
16.020000000000024,108.2849999999998,-120.0,ac1f09fffe06fcf2
16.020000000000024,108.2899999999998,-120.0,ac1f09fffe06fcf2
16.020000000000024,108.2949999999998,-113.37310824070371,7276ff002e062cf2
16.020000000000024,108.2999999999998,-113.35063642408164,7276ff002e062cf2
16.020000000000024,108.3049999999998,-113.63475855715886,7276ff002e062cf2
16.020000000000024,108.3099999999998,-114.13879710859337,7276ff002e062cf2
16.020000000000024,108.31499999999978,-114.35731172267832,7276ff002e062cf2
16.025000000000023,108.08,-120.0,7276ff002e062cf2
16.025000000000023,108.085,-120.0,7276ff002e062cf2
16.025000000000023,108.09,-120.0,7276ff002e062cf2
16.025000000000023,108.09499999999998,-120.0,7276ff002e062cf2
16.025000000000023,108.09999999999998,-120.0,7276ff002e062cf2
16.025000000000023,108.10499999999998,-120.0,7276ff002e062cf2
16.025000000000023,108.10999999999996,-117.0,7276ff002e062cf2
16.025000000000023,108.11499999999997,-120.0,7276ff002e062cf2
16.025000000000023,108.11999999999996,-115.1370023587784,7276ff002e062cf2
16.025000000000023,108.12499999999996,-115.16648618575414,7276ff002e062cf2
16.025000000000023,108.12999999999997,-115.87630610204116,7276ff002e062cf2
16.025000000000023,108.13499999999996,-116.04501985772306,7276ff002e062cf2
16.025000000000023,108.13999999999994,-114.86940686973556,7276ff002e062cf2
16.025000000000023,108.14499999999994,-120.0,ac1f09fffe0fd629
16.025000000000023,108.14999999999992,-112.81906229768094,7276ff002e061f5b
16.025000000000023,108.15499999999992,-113.04397720162407,7276ff002e061f5b
16.025000000000023,108.15999999999993,-112.28775870064766,7276ff002e061f5b
16.025000000000023,108.16499999999992,-111.15122188273602,7276ff002e061f5b
16.025000000000023,108.16999999999992,-111.13131836201468,7276ff002e061f5b
16.025000000000023,108.17499999999993,-111.49464715617536,7276ff002e061f5b
16.025000000000023,108.17999999999992,-111.79770608452029,7276ff002e061f5b
16.025000000000023,108.1849999999999,-116.16192990510834,7276ff002e062cf2
16.025000000000023,108.1899999999999,-121.0,7276ff002e062cf2
16.025000000000023,108.1949999999999,-114.73037707092398,7276ff002e062cf2
16.025000000000023,108.19999999999987,-115.78813491625806,7276ff002e062cf2
16.025000000000023,108.20499999999988,-109.84822668800705,7276ff002e061f5b
16.025000000000023,108.20999999999988,-113.81595437976073,7276ff002e062cf2
16.025000000000023,108.21499999999988,-128.51347924297923,ac1f09fffe06fcf2
16.025000000000023,108.21999999999989,-127.0,ac1f09fffe06fcf2
16.025000000000023,108.22499999999988,-128.2894569115094,ac1f09fffe06fcf2
16.025000000000023,108.22999999999986,-127.15396891143044,ac1f09fffe06fcf2
16.025000000000023,108.23499999999986,-127.27130834976997,ac1f09fffe06fcf2
16.025000000000023,108.23999999999984,-127.09579935876096,ac1f09fffe06fcf2
16.025000000000023,108.24499999999983,-127.62079179274832,ac1f09fffe06fcf2
16.025000000000023,108.24999999999984,-127.63327838827848,ac1f09fffe06fcf2
16.025000000000023,108.25499999999984,-127.53095360195368,ac1f09fffe06fcf2
16.025000000000023,108.25999999999983,-127.70662271062275,ac1f09fffe06fcf2
16.025000000000023,108.26499999999984,-127.63209829059836,ac1f09fffe06fcf2
16.025000000000023,108.26999999999984,-127.71944505494513,ac1f09fffe06fcf2
16.025000000000023,108.27499999999982,-127.76969474969484,ac1f09fffe06fcf2
16.025000000000023,108.27999999999982,-120.0,ac1f09fffe06fcf2
16.025000000000023,108.2849999999998,-120.0,ac1f09fffe06fcf2
16.025000000000023,108.2899999999998,-120.0,ac1f09fffe06fcf2
16.025000000000023,108.2949999999998,-120.0,ac1f09fffe06fcf2
16.025000000000023,108.2999999999998,-120.0,ac1f09fffe06fcf2
16.025000000000023,108.3049999999998,-120.0,ac1f09fffe06fcf2
16.025000000000023,108.3099999999998,-120.0,ac1f09fffe06fcf2
16.025000000000023,108.31499999999978,-113.64509072643186,7276ff002e062cf2
16.030000000000022,108.08,-120.0,7276ff002e062cf2
16.030000000000022,108.085,-120.0,7276ff002e062cf2
16.030000000000022,108.09,-120.0,7276ff002e062cf2
16.030000000000022,108.09499999999998,-120.0,7276ff002e062cf2
16.030000000000022,108.09999999999998,-120.0,7276ff002e062cf2
16.030000000000022,108.10499999999998,-120.0,7276ff002e062cf2
16.030000000000022,108.10999999999996,-120.0,7276ff002e062cf2
16.030000000000022,108.11499999999997,-114.0,7276ff002e062cf2
16.030000000000022,108.11999999999996,-115.29065696648809,7276ff002e062cf2
16.030000000000022,108.12499999999996,-117.16928390713652,7276ff002e062cf2
16.030000000000022,108.12999999999997,-117.1456616317662,7276ff002e062cf2
16.030000000000022,108.13499999999996,-115.02495995556428,7276ff002e062cf2
16.030000000000022,108.13999999999994,-112.51717898835015,7276ff002e061f5b
16.030000000000022,108.14499999999994,-112.93549613907012,7276ff002e061f5b
16.030000000000022,108.14999999999992,-113.06722754663365,7276ff002e061f5b
16.030000000000022,108.15499999999992,-114.94871483784304,7276ff002e062cf2
16.030000000000022,108.15999999999993,-112.40645817808344,7276ff002e061f5b
16.030000000000022,108.16499999999992,-111.39033200694148,7276ff002e061f5b
16.030000000000022,108.16999999999992,-111.62268224588476,7276ff002e061f5b
16.030000000000022,108.17499999999993,-110.28436265985596,7276ff002e061f5b
16.030000000000022,108.17999999999992,-111.38644475259498,7276ff002e061f5b
16.030000000000022,108.1849999999999,-112.0257185666249,7276ff002e061f5b
16.030000000000022,108.1899999999999,-113.0,7276ff002e061f5b
16.030000000000022,108.1949999999999,-116.91357322078464,7276ff002e062cf2
16.030000000000022,108.19999999999987,-114.22866785273258,7276ff002e062cf2
16.030000000000022,108.20499999999988,-113.51114312511858,7276ff002e062cf2
16.030000000000022,108.20999999999988,-129.58252991452997,ac1f09fffe06fcf2
16.030000000000022,108.21499999999988,-128.2856198596724,ac1f09fffe06fcf2
16.030000000000022,108.21999999999989,-127.81339290534024,ac1f09fffe06fcf2
16.030000000000022,108.22499999999988,-126.4667592057065,ac1f09fffe06fcf2
16.030000000000022,108.22999999999986,-125.16970944867096,ac1f09fffe06fcf2
16.030000000000022,108.23499999999986,-128.25919266114,ac1f09fffe06fcf2
16.030000000000022,108.23999999999984,-128.53361686266945,ac1f09fffe06fcf2
16.030000000000022,108.24499999999983,-127.7044395604396,ac1f09fffe06fcf2
16.030000000000022,108.24999999999984,-127.68565506715518,ac1f09fffe06fcf2
16.030000000000022,108.25499999999984,-127.50284009580172,ac1f09fffe06fcf2
16.030000000000022,108.25999999999983,-127.6824371184372,ac1f09fffe06fcf2
16.030000000000022,108.26499999999984,-127.86458669108676,ac1f09fffe06fcf2
16.030000000000022,108.26999999999984,-127.66815018315025,ac1f09fffe06fcf2
16.030000000000022,108.27499999999982,-127.52930525030531,ac1f09fffe06fcf2
16.030000000000022,108.27999999999982,-120.0,ac1f09fffe06fcf2
16.030000000000022,108.2849999999998,-120.0,ac1f09fffe06fcf2
16.030000000000022,108.2899999999998,-120.0,ac1f09fffe06fcf2
16.030000000000022,108.2949999999998,-120.0,ac1f09fffe06fcf2
16.030000000000022,108.2999999999998,-120.0,ac1f09fffe06fcf2
16.030000000000022,108.3049999999998,-120.0,ac1f09fffe06fcf2
16.030000000000022,108.3099999999998,-120.0,ac1f09fffe06fcf2
16.030000000000022,108.31499999999978,-120.0,ac1f09fffe0fd629
16.035000000000025,108.08,-120.0,7276ff002e062cf2
16.035000000000025,108.085,-120.0,7276ff002e062cf2
16.035000000000025,108.09,-120.0,7276ff002e062cf2
16.035000000000025,108.09499999999998,-120.0,7276ff002e062cf2
16.035000000000025,108.09999999999998,-120.0,7276ff002e062cf2
16.035000000000025,108.10499999999998,-120.0,7276ff002e062cf2
16.035000000000025,108.10999999999996,-115.20592449873384,7276ff002e062cf2
16.035000000000025,108.11499999999997,-115.78227491627544,7276ff002e062cf2
16.035000000000025,108.11999999999996,-115.77975132686946,7276ff002e062cf2
16.035000000000025,108.12499999999996,-121.0,7276ff002e062cf2
16.035000000000025,108.12999999999997,-115.82201299589788,7276ff002e062cf2
16.035000000000025,108.13499999999996,-120.0,7276ff002e061f5b
16.035000000000025,108.13999999999994,-120.0,ac1f09fffe0fd629
16.035000000000025,108.14499999999994,-112.1218679224628,7276ff002e061f5b
16.035000000000025,108.14999999999992,-112.98432763024114,7276ff002e061f5b
16.035000000000025,108.15499999999992,-110.9261975326722,7276ff002e061f5b
16.035000000000025,108.15999999999993,-111.4709894299494,7276ff002e061f5b
16.035000000000025,108.16499999999992,-116.04968710254184,7276ff002e062cf2
16.035000000000025,108.16999999999992,-111.60900423804677,7276ff002e061f5b
16.035000000000025,108.17499999999993,-115.85737466568597,7276ff002e062cf2
16.035000000000025,108.17999999999992,-116.88725973829384,7276ff002e062cf2
16.035000000000025,108.1849999999999,-111.73190317643773,7276ff002e061f5b
16.035000000000025,108.1899999999999,-111.71121812818085,7276ff002e061f5b
16.035000000000025,108.1949999999999,-110.82918927690456,7276ff002e061f5b
16.035000000000025,108.19999999999987,-114.71373542521611,7276ff002e062cf2
16.035000000000025,108.20499999999988,-127.3905336933182,ac1f09fffe06fcf2
16.035000000000025,108.20999999999988,-129.5486807081807,ac1f09fffe06fcf2
16.035000000000025,108.21499999999988,-128.96595787545786,ac1f09fffe06fcf2
16.035000000000025,108.21999999999989,-128.34510561660554,ac1f09fffe06fcf2
16.035000000000025,108.22499999999988,-121.08729810800772,ac1f09fffe06fcf2
16.035000000000025,108.22999999999986,-118.0,ac1f09fffe06fcf2
16.035000000000025,108.23499999999986,-131.0,ac1f09fffe06fcf2
16.035000000000025,108.23999999999984,-128.87330606235864,ac1f09fffe06fcf2
16.035000000000025,108.24499999999983,-128.83819439624702,ac1f09fffe06fcf2
16.035000000000025,108.24999999999984,-127.4519487649104,ac1f09fffe06fcf2
16.035000000000025,108.25499999999984,-127.75906471306476,ac1f09fffe06fcf2
16.035000000000025,108.25999999999983,-127.7290085470086,ac1f09fffe06fcf2
16.035000000000025,108.26499999999984,-127.64822588522595,ac1f09fffe06fcf2
16.035000000000025,108.26999999999984,-127.62978571428576,ac1f09fffe06fcf2
16.035000000000025,108.27499999999982,-127.53406959706966,ac1f09fffe06fcf2
16.035000000000025,108.27999999999982,-127.36511111111116,ac1f09fffe06fcf2
16.035000000000025,108.2849999999998,-120.0,ac1f09fffe06fcf2
16.035000000000025,108.2899999999998,-120.0,ac1f09fffe06fcf2
16.035000000000025,108.2949999999998,-120.0,ac1f09fffe06fcf2
16.035000000000025,108.2999999999998,-120.0,ac1f09fffe06fcf2
16.035000000000025,108.3049999999998,-120.0,ac1f09fffe06fcf2
16.035000000000025,108.3099999999998,-120.0,ac1f09fffe0fd629
16.035000000000025,108.31499999999978,-120.0,ac1f09fffe0fd629
16.040000000000028,108.08,-120.0,7276ff002e062cf2
16.040000000000028,108.085,-120.0,7276ff002e062cf2
16.040000000000028,108.09,-120.0,7276ff002e062cf2
16.040000000000028,108.09499999999998,-120.0,7276ff002e062cf2
16.040000000000028,108.09999999999998,-120.0,7276ff002e062cf2
16.040000000000028,108.10499999999998,-120.0,7276ff002e062cf2
16.040000000000028,108.10999999999996,-114.4505852214232,7276ff002e062cf2
16.040000000000028,108.11499999999997,-115.39536025280324,7276ff002e062cf2
16.040000000000028,108.11999999999996,-116.82239104944344,7276ff002e062cf2
16.040000000000028,108.12499999999996,-115.57018861635548,7276ff002e062cf2
16.040000000000028,108.12999999999997,-114.134048344077,7276ff002e062cf2
16.040000000000028,108.13499999999996,-113.0,ac1f09fffe0fd629
16.040000000000028,108.13999999999994,-111.5885571932013,7276ff002e061f5b
16.040000000000028,108.14499999999994,-113.03351838671048,7276ff002e061f5b
16.040000000000028,108.14999999999992,-116.65556440373712,7276ff002e062cf2
16.040000000000028,108.15499999999992,-112.19348857248646,7276ff002e061f5b
16.040000000000028,108.15999999999993,-116.25158330809404,7276ff002e062cf2
16.040000000000028,108.16499999999992,-111.25144182041151,7276ff002e061f5b
16.040000000000028,108.16999999999992,-111.42412414836758,7276ff002e061f5b
16.040000000000028,108.17499999999993,-111.46627441651876,7276ff002e061f5b
16.040000000000028,108.17999999999992,-111.0186959889979,7276ff002e061f5b
16.040000000000028,108.1849999999999,-119.0,7276ff002e062cf2
16.040000000000028,108.1899999999999,-116.2327138385311,7276ff002e062cf2
16.040000000000028,108.1949999999999,-114.35309252878226,7276ff002e062cf2
16.040000000000028,108.19999999999987,-114.29211025858724,7276ff002e062cf2
16.040000000000028,108.20499999999988,-127.77091483516487,ac1f09fffe06fcf2
16.040000000000028,108.20999999999988,-126.80075793650788,ac1f09fffe06fcf2
16.040000000000028,108.21499999999988,-127.36735169531336,ac1f09fffe06fcf2
16.040000000000028,108.21999999999989,-126.0765760542876,ac1f09fffe06fcf2
16.040000000000028,108.22499999999988,-121.79551274619683,ac1f09fffe06fcf2
16.040000000000028,108.22999999999986,-124.34834742793429,ac1f09fffe06fcf2
16.040000000000028,108.23499999999986,-127.9323009768009,ac1f09fffe06fcf2
16.040000000000028,108.23999999999984,-128.878877642825,ac1f09fffe06fcf2
16.040000000000028,108.24499999999983,-128.50611268556,ac1f09fffe06fcf2
16.040000000000028,108.24999999999984,-128.0874126984126,ac1f09fffe06fcf2
16.040000000000028,108.25499999999984,-127.80715018315016,ac1f09fffe06fcf2
16.040000000000028,108.25999999999983,-127.8042197802198,ac1f09fffe06fcf2
16.040000000000028,108.26499999999984,-127.57448229548233,ac1f09fffe06fcf2
16.040000000000028,108.26999999999984,-127.57487179487184,ac1f09fffe06fcf2
16.040000000000028,108.27499999999982,-127.50547619047624,ac1f09fffe06fcf2
16.040000000000028,108.27999999999982,-127.40635653235655,ac1f09fffe06fcf2
16.040000000000028,108.2849999999998,-120.0,ac1f09fffe06fcf2
16.040000000000028,108.2899999999998,-120.0,ac1f09fffe06fcf2
16.040000000000028,108.2949999999998,-120.0,ac1f09fffe06fcf2
16.040000000000028,108.2999999999998,-120.0,ac1f09fffe06fcf2
16.040000000000028,108.3049999999998,-120.0,ac1f09fffe0fd629
16.040000000000028,108.3099999999998,-120.0,ac1f09fffe0fd629
16.040000000000028,108.31499999999978,-120.0,ac1f09fffe0fd629
16.045000000000027,108.08,-120.0,7276ff002e062cf2
16.045000000000027,108.085,-120.0,7276ff002e062cf2
16.045000000000027,108.09,-120.0,7276ff002e062cf2
16.045000000000027,108.09499999999998,-120.0,7276ff002e062cf2
16.045000000000027,108.09999999999998,-120.0,7276ff002e062cf2
16.045000000000027,108.10499999999998,-115.09395876103092,7276ff002e062cf2
16.045000000000027,108.10999999999996,-115.59621452965916,7276ff002e062cf2
16.045000000000027,108.11499999999997,-116.93032076982792,7276ff002e062cf2
16.045000000000027,108.11999999999996,-117.01393776287868,7276ff002e062cf2
16.045000000000027,108.12499999999996,-115.01480534795134,7276ff002e062cf2
16.045000000000027,108.12999999999997,-120.0,7276ff002e061f5b
16.045000000000027,108.13499999999996,-112.21026401919022,7276ff002e061f5b
16.045000000000027,108.13999999999994,-114.0,7276ff002e061f5b
16.045000000000027,108.14499999999994,-112.41259191467503,7276ff002e061f5b
16.045000000000027,108.14999999999992,-111.30847151993824,7276ff002e061f5b
16.045000000000027,108.15499999999992,-120.0,ac1f09fffe0fd629
16.045000000000027,108.15999999999993,-115.11165216108944,7276ff002e062cf2
16.045000000000027,108.16499999999992,-111.31044583866296,7276ff002e061f5b
16.045000000000027,108.16999999999992,-114.46860617645532,7276ff002e062cf2
16.045000000000027,108.17499999999993,-111.91475281185336,7276ff002e061f5b
16.045000000000027,108.17999999999992,-110.63811724854604,7276ff002e061f5b
16.045000000000027,108.1849999999999,-114.0,7276ff002e061f5b
16.045000000000027,108.1899999999999,-110.40983312733631,7276ff002e061f5b
16.045000000000027,108.1949999999999,-110.8064064735657,7276ff002e061f5b
16.045000000000027,108.19999999999987,-127.89327484105938,ac1f09fffe06fcf2
16.045000000000027,108.20499999999988,-128.02647222222222,ac1f09fffe06fcf2
16.045000000000027,108.20999999999988,-127.16095479414722,ac1f09fffe06fcf2
16.045000000000027,108.21499999999988,-118.67374654101867,ac1f09fffe00ab20
16.045000000000027,108.21999999999989,-118.56236702838106,ac1f09fffe00ab20
16.045000000000027,108.22499999999988,-123.56654090354078,ac1f09fffe06fcf2
16.045000000000027,108.22999999999986,-123.81999450549452,ac1f09fffe06fcf2
16.045000000000027,108.23499999999986,-125.95403715119568,ac1f09fffe06fcf2
16.045000000000027,108.23999999999984,-128.4752994987468,ac1f09fffe06fcf2
16.045000000000027,108.24499999999983,-128.60347863247858,ac1f09fffe06fcf2
16.045000000000027,108.24999999999984,-127.3720372874989,ac1f09fffe06fcf2
16.045000000000027,108.25499999999984,-127.67854212454218,ac1f09fffe06fcf2
16.045000000000027,108.25999999999983,-127.55097985347987,ac1f09fffe06fcf2
16.045000000000027,108.26499999999984,-127.44924603174611,ac1f09fffe06fcf2
16.045000000000027,108.26999999999984,-127.44016788766794,ac1f09fffe06fcf2
16.045000000000027,108.27499999999982,-127.38576068376072,ac1f09fffe06fcf2
16.045000000000027,108.27999999999982,-127.27244200244208,ac1f09fffe06fcf2
16.045000000000027,108.2849999999998,-120.0,ac1f09fffe06fcf2
16.045000000000027,108.2899999999998,-120.0,ac1f09fffe06fcf2
16.045000000000027,108.2949999999998,-120.0,ac1f09fffe06fcf2
16.045000000000027,108.2999999999998,-120.0,ac1f09fffe0fd629
16.045000000000027,108.3049999999998,-120.0,ac1f09fffe0fd629
16.045000000000027,108.3099999999998,-120.0,ac1f09fffe0fd629
16.045000000000027,108.31499999999978,-120.0,ac1f09fffe0fd629
16.050000000000026,108.08,-120.0,7276ff002e062cf2
16.050000000000026,108.085,-120.0,7276ff002e062cf2
16.050000000000026,108.09,-120.0,7276ff002e062cf2
16.050000000000026,108.09499999999998,-120.0,7276ff002e062cf2
16.050000000000026,108.09999999999998,-120.0,7276ff002e062cf2
16.050000000000026,108.10499999999998,-114.97672621983644,7276ff002e062cf2
16.050000000000026,108.10999999999996,-117.44869004816708,7276ff002e062cf2
16.050000000000026,108.11499999999997,-117.66115983000331,7276ff002e062cf2
16.050000000000026,108.11999999999996,-116.9961489082131,7276ff002e062cf2
16.050000000000026,108.12499999999996,-120.0,7276ff002e061f5b
16.050000000000026,108.12999999999997,-120.0,ac1f09fffe0fd629
16.050000000000026,108.13499999999996,-111.59188712926326,7276ff002e061f5b
16.050000000000026,108.13999999999994,-113.29058737224992,7276ff002e061f5b
16.050000000000026,108.14499999999994,-111.40173214947852,7276ff002e061f5b
16.050000000000026,108.14999999999992,-115.0,7276ff002e061f5b
16.050000000000026,108.15499999999992,-115.48277014502402,7276ff002e062cf2
16.050000000000026,108.15999999999993,-110.62750563937304,7276ff002e061f5b
16.050000000000026,108.16499999999992,-111.43984858128462,7276ff002e061f5b
16.050000000000026,108.16999999999992,-111.70869913107424,7276ff002e061f5b
16.050000000000026,108.17499999999993,-110.68130553719384,7276ff002e061f5b
16.050000000000026,108.17999999999992,-113.76759201076472,7276ff002e062cf2
16.050000000000026,108.1849999999999,-110.14881367720362,7276ff002e061f5b
16.050000000000026,108.1899999999999,-113.56921786999769,7276ff002e062cf2
16.050000000000026,108.1949999999999,-128.31072905351348,ac1f09fffe06fcf2
16.050000000000026,108.19999999999987,-130.0862967032966,ac1f09fffe06fcf2
16.050000000000026,108.20499999999988,-129.53167948717945,ac1f09fffe06fcf2
16.050000000000026,108.20999999999988,-129.2643984414278,ac1f09fffe06fcf2
16.050000000000026,108.21499999999988,-120.14419034809237,ac1f09fffe00ab20
16.050000000000026,108.21999999999989,-120.26757365033396,ac1f09fffe00ab20
16.050000000000026,108.22499999999988,-125.00732967032954,ac1f09fffe06fcf2
16.050000000000026,108.22999999999986,-132.0,ac1f09fffe00ab20
16.050000000000026,108.23499999999986,-125.69780724830724,ac1f09fffe06fcf2
16.050000000000026,108.23999999999984,-129.6762228327227,ac1f09fffe06fcf2
16.050000000000026,108.24499999999983,-127.10495609091774,ac1f09fffe06fcf2
16.050000000000026,108.24999999999984,-127.54417094017091,ac1f09fffe06fcf2
16.050000000000026,108.25499999999984,-127.57960744810744,ac1f09fffe06fcf2
16.050000000000026,108.25999999999983,-127.5067081807082,ac1f09fffe06fcf2
16.050000000000026,108.26499999999984,-127.55006593406596,ac1f09fffe06fcf2
16.050000000000026,108.26999999999984,-127.48340293040296,ac1f09fffe06fcf2
16.050000000000026,108.27499999999982,-127.37257448107452,ac1f09fffe06fcf2
16.050000000000026,108.27999999999982,-127.26549511599514,ac1f09fffe06fcf2
16.050000000000026,108.2849999999998,-120.0,ac1f09fffe06fcf2
16.050000000000026,108.2899999999998,-120.0,ac1f09fffe06fcf2
16.050000000000026,108.2949999999998,-120.0,ac1f09fffe0fd629
16.050000000000026,108.2999999999998,-120.0,ac1f09fffe0fd629
16.050000000000026,108.3049999999998,-120.0,ac1f09fffe0fd629
16.050000000000026,108.3099999999998,-120.0,ac1f09fffe0fd629
16.050000000000026,108.31499999999978,-120.0,ac1f09fffe0fd629
16.055000000000028,108.08,-120.0,7276ff002e062cf2
16.055000000000028,108.085,-120.0,7276ff002e062cf2
16.055000000000028,108.09,-120.0,7276ff002e062cf2
16.055000000000028,108.09499999999998,-120.0,7276ff002e062cf2
16.055000000000028,108.09999999999998,-120.0,7276ff002e062cf2
16.055000000000028,108.10499999999998,-116.11549997340713,7276ff002e062cf2
16.055000000000028,108.10999999999996,-116.81968465306412,7276ff002e062cf2
16.055000000000028,108.11499999999997,-116.22098394324594,7276ff002e062cf2
16.055000000000028,108.11999999999996,-115.31074794917345,7276ff002e062cf2
16.055000000000028,108.12499999999996,-120.0,7276ff002e061f5b
16.055000000000028,108.12999999999997,-111.96330321664648,7276ff002e061f5b
16.055000000000028,108.13499999999996,-112.08919454284036,7276ff002e061f5b
16.055000000000028,108.13999999999994,-114.8425937832973,7276ff002e062cf2
16.055000000000028,108.14499999999994,-120.0,ac1f09fffe0fd629
16.055000000000028,108.14999999999992,-116.00933501333684,7276ff002e062cf2
16.055000000000028,108.15499999999992,-110.62480582803344,7276ff002e061f5b
16.055000000000028,108.15999999999993,-110.28599662057783,7276ff002e061f5b
16.055000000000028,108.16499999999992,-110.44219957716768,7276ff002e061f5b
16.055000000000028,108.16999999999992,-111.29182466737252,7276ff002e061f5b
16.055000000000028,108.17499999999993,-109.41041224257344,7276ff002e061f5b
16.055000000000028,108.17999999999992,-116.0,7276ff002e062cf2
16.055000000000028,108.1849999999999,-113.43232890733348,7276ff002e062cf2
16.055000000000028,108.1899999999999,-110.5742045233025,7276ff002e061f5b
16.055000000000028,108.1949999999999,-127.55755475558924,ac1f09fffe06fcf2
16.055000000000028,108.19999999999987,-129.54946947496933,ac1f09fffe06fcf2
16.055000000000028,108.20499999999988,-129.34251443654378,ac1f09fffe06fcf2
16.055000000000028,108.20999999999988,-129.0643813474107,ac1f09fffe06fcf2
16.055000000000028,108.21499999999988,-117.90315654894592,ac1f09fffe00ab20
16.055000000000028,108.21999999999989,-100.0,ac1f09fffe00ab20
16.055000000000028,108.22499999999988,-119.3127354397894,ac1f09fffe00ab20
16.055000000000028,108.22999999999986,-123.70643589743597,ac1f09fffe06fcf2
16.055000000000028,108.23499999999986,-130.24189987789967,ac1f09fffe06fcf2
16.055000000000028,108.23999999999984,-130.66828144078124,ac1f09fffe06fcf2
16.055000000000028,108.24499999999983,-127.12299149995307,ac1f09fffe06fcf2
16.055000000000028,108.24999999999984,-127.43143467643468,ac1f09fffe06fcf2
16.055000000000028,108.25499999999984,-127.51899694749692,ac1f09fffe06fcf2
16.055000000000028,108.25999999999983,-127.60059096459096,ac1f09fffe06fcf2
16.055000000000028,108.26499999999984,-127.5802905982906,ac1f09fffe06fcf2
16.055000000000028,108.26999999999984,-127.55408791208792,ac1f09fffe06fcf2
16.055000000000028,108.27499999999982,-127.40315873015876,ac1f09fffe06fcf2
16.055000000000028,108.27999999999982,-127.2706672771673,ac1f09fffe06fcf2
16.055000000000028,108.2849999999998,-111.37781406024284,7276ff002e061f5b
16.055000000000028,108.2899999999998,-111.15182463668424,7276ff002e061f5b
16.055000000000028,108.2949999999998,-120.0,ac1f09fffe0fd629
16.055000000000028,108.2999999999998,-120.0,ac1f09fffe0fd629
16.055000000000028,108.3049999999998,-120.0,ac1f09fffe0fd629
16.055000000000028,108.3099999999998,-120.0,ac1f09fffe0fd629
16.055000000000028,108.31499999999978,-120.0,ac1f09fffe0fd629
16.06000000000003,108.08,-120.0,7276ff002e062cf2
16.06000000000003,108.085,-120.0,7276ff002e062cf2
16.06000000000003,108.09,-120.0,7276ff002e062cf2
16.06000000000003,108.09499999999998,-120.0,7276ff002e062cf2
16.06000000000003,108.09999999999998,-115.31207685977128,7276ff002e062cf2
16.06000000000003,108.10499999999998,-115.58935927306688,7276ff002e062cf2
16.06000000000003,108.10999999999996,-116.22268336941934,7276ff002e062cf2
16.06000000000003,108.11499999999997,-120.0,ac1f09fffe0fd629
16.06000000000003,108.11999999999996,-120.0,ac1f09fffe0fd629
16.06000000000003,108.12499999999996,-120.0,ac1f09fffe0fd629
16.06000000000003,108.12999999999997,-116.4206658059202,7276ff002e062cf2
16.06000000000003,108.13499999999996,-117.62470672276385,7276ff002e062cf2
16.06000000000003,108.13999999999994,-118.09166538420747,7276ff002e062cf2
16.06000000000003,108.14499999999994,-110.66073052605606,7276ff002e061f5b
16.06000000000003,108.14999999999992,-116.28624297706584,7276ff002e062cf2
16.06000000000003,108.15499999999992,-115.63596347381164,7276ff002e062cf2
16.06000000000003,108.15999999999993,-116.1030677080134,7276ff002e062cf2
16.06000000000003,108.16499999999992,-110.5399062421534,7276ff002e061f5b
16.06000000000003,108.16999999999992,-110.10744824271887,7276ff002e061f5b
16.06000000000003,108.17499999999993,-109.77331395391109,7276ff002e061f5b
16.06000000000003,108.17999999999992,-120.0,7276ff002e062cf2
16.06000000000003,108.1849999999999,-114.32229198383152,7276ff002e062cf2
16.06000000000003,108.1899999999999,-109.64996688925535,7276ff002e061f5b
16.06000000000003,108.1949999999999,-109.36363809031036,7276ff002e061f5b
16.06000000000003,108.19999999999987,-129.59831440781429,ac1f09fffe06fcf2
16.06000000000003,108.20499999999988,-129.8743535353535,ac1f09fffe06fcf2
16.06000000000003,108.20999999999988,-125.95679961120754,ac1f09fffe06fcf2
16.06000000000003,108.21499999999988,-120.01136249262392,ac1f09fffe00ab20
16.06000000000003,108.21999999999989,-120.30297189587364,ac1f09fffe00ab20
16.06000000000003,108.22499999999988,-121.42019020286736,ac1f09fffe00ab20
16.06000000000003,108.22999999999986,-105.26164901570549,7276ff002e061f5b
16.06000000000003,108.23499999999986,-130.50664985441884,ac1f09fffe06fcf2
16.06000000000003,108.23999999999984,-126.65528209824372,ac1f09fffe06fcf2
16.06000000000003,108.24499999999983,-126.9332118906735,ac1f09fffe06fcf2
16.06000000000003,108.24999999999984,-127.43420573870576,ac1f09fffe06fcf2
16.06000000000003,108.25499999999984,-127.439163003663,ac1f09fffe06fcf2
16.06000000000003,108.25999999999983,-127.52231013431016,ac1f09fffe06fcf2
16.06000000000003,108.26499999999984,-127.55858791208792,ac1f09fffe06fcf2
16.06000000000003,108.26999999999984,-127.54427289377293,ac1f09fffe06fcf2
16.06000000000003,108.27499999999982,-127.39084615384616,ac1f09fffe06fcf2
16.06000000000003,108.27999999999982,-111.26667660492598,7276ff002e061f5b
16.06000000000003,108.2849999999998,-111.3472411277058,7276ff002e061f5b
16.06000000000003,108.2899999999998,-111.46571637955726,7276ff002e061f5b
16.06000000000003,108.2949999999998,-120.0,ac1f09fffe0fd629
16.06000000000003,108.2999999999998,-120.0,ac1f09fffe0fd629
16.06000000000003,108.3049999999998,-120.0,ac1f09fffe0fd629
16.06000000000003,108.3099999999998,-120.0,ac1f09fffe0fd629
16.06000000000003,108.31499999999978,-110.67271068858986,7276ff002e061f5b
16.06500000000003,108.08,-120.0,7276ff002e062cf2
16.06500000000003,108.085,-120.0,7276ff002e062cf2
16.06500000000003,108.09,-120.0,7276ff002e062cf2
16.06500000000003,108.09499999999998,-120.0,ac1f09fffe0fd629
16.06500000000003,108.09999999999998,-120.0,ac1f09fffe0fd629
16.06500000000003,108.10499999999998,-120.0,ac1f09fffe0fd629
16.06500000000003,108.10999999999996,-120.0,ac1f09fffe0fd629
16.06500000000003,108.11499999999997,-120.0,ac1f09fffe0fd629
16.06500000000003,108.11999999999996,-120.0,ac1f09fffe0fd629
16.06500000000003,108.12499999999996,-120.0,ac1f09fffe0fd629
16.06500000000003,108.12999999999997,-120.0,ac1f09fffe0fd629
16.06500000000003,108.13499999999996,-117.86910135695068,7276ff002e062cf2
16.06500000000003,108.13999999999994,-117.7611700419514,7276ff002e062cf2
16.06500000000003,108.14499999999994,-117.0,7276ff002e062cf2
16.06500000000003,108.14999999999992,-118.0,7276ff002e062cf2
16.06500000000003,108.15499999999992,-111.0,ac1f09fffe0fd629
16.06500000000003,108.15999999999993,-106.0,7276ff002e061f5b
16.06500000000003,108.16499999999992,-112.793744891796,ac1f09fffe0fd629
16.06500000000003,108.16999999999992,-110.18699663438971,7276ff002e061f5b
16.06500000000003,108.17499999999993,-112.0,7276ff002e061f5b
16.06500000000003,108.17999999999992,-109.82976086347288,7276ff002e061f5b
16.06500000000003,108.1849999999999,-111.0,7276ff002e061f5b
16.06500000000003,108.1899999999999,-115.0,7276ff002e062cf2
16.06500000000003,108.1949999999999,-109.01542126249632,7276ff002e061f5b
16.06500000000003,108.19999999999987,-108.34611822031134,7276ff002e061f5b
16.06500000000003,108.20499999999988,-108.54526734873076,7276ff002e061f5b
16.06500000000003,108.20999999999988,-108.13952088455116,7276ff002e061f5b
16.06500000000003,108.21499999999988,-106.63436372316934,7276ff002e061f5b
16.06500000000003,108.21999999999989,-102.586333185475,7276ff002e061f5b
16.06500000000003,108.22499999999988,-100.64102585762654,7276ff002e061f5b
16.06500000000003,108.22999999999986,-100.1503534308264,7276ff002e061f5b
16.06500000000003,108.23499999999986,-105.49225804146226,7276ff002e061f5b
16.06500000000003,108.23999999999984,-127.36700032873112,ac1f09fffe06fcf2
16.06500000000003,108.24499999999983,-127.06961693434776,ac1f09fffe06fcf2
16.06500000000003,108.24999999999984,-127.12851282051282,ac1f09fffe06fcf2
16.06500000000003,108.25499999999984,-127.34206532356534,ac1f09fffe06fcf2
16.06500000000003,108.25999999999983,-127.25244993894997,ac1f09fffe06fcf2
16.06500000000003,108.26499999999984,-127.46888522588524,ac1f09fffe06fcf2
16.06500000000003,108.26999999999984,-107.924553793283,7276ff002e061f5b
16.06500000000003,108.27499999999982,-110.01476007671496,7276ff002e061f5b
16.06500000000003,108.27999999999982,-111.4229570046877,7276ff002e061f5b
16.06500000000003,108.2849999999998,-111.3003273240117,7276ff002e061f5b
16.06500000000003,108.2899999999998,-111.33752538067915,7276ff002e061f5b
16.06500000000003,108.2949999999998,-120.0,ac1f09fffe0fd629
16.06500000000003,108.2999999999998,-120.0,ac1f09fffe0fd629
16.06500000000003,108.3049999999998,-120.0,ac1f09fffe0fd629
16.06500000000003,108.3099999999998,-120.0,ac1f09fffe0fd629
16.06500000000003,108.31499999999978,-110.5570676833947,7276ff002e061f5b
16.07000000000003,108.08,-120.0,7276ff002e062cf2
16.07000000000003,108.085,-120.0,ac1f09fffe0fd629
16.07000000000003,108.09,-120.0,ac1f09fffe0fd629
16.07000000000003,108.09499999999998,-120.0,ac1f09fffe0fd629
16.07000000000003,108.09999999999998,-120.0,ac1f09fffe0fd629
16.07000000000003,108.10499999999998,-120.0,ac1f09fffe0fd629
16.07000000000003,108.10999999999996,-120.0,ac1f09fffe0fd629
16.07000000000003,108.11499999999997,-120.0,ac1f09fffe0fd629
16.07000000000003,108.11999999999996,-120.0,ac1f09fffe0fd629
16.07000000000003,108.12499999999996,-120.0,ac1f09fffe0fd629
16.07000000000003,108.12999999999997,-120.0,ac1f09fffe0fd629
16.07000000000003,108.13499999999996,-120.0,ac1f09fffe0fd629
16.07000000000003,108.13999999999994,-112.01893147168003,7276ff002e061f5b
16.07000000000003,108.14499999999994,-113.0,ac1f09fffe0fd629
16.07000000000003,108.14999999999992,-117.0,7276ff002e0507da
16.07000000000003,108.15499999999992,-117.0,7276ff002e0507da
16.07000000000003,108.15999999999993,-106.0,ac1f09fffe0fd629
16.07000000000003,108.16499999999992,-114.0,7276ff002e061f5b
16.07000000000003,108.16999999999992,-115.4183122450011,7276ff002e062cf2
16.07000000000003,108.17499999999993,-109.22615758681498,7276ff002e061f5b
16.07000000000003,108.17999999999992,-112.0,7276ff002e061f5b
16.07000000000003,108.1849999999999,-109.54307435112634,7276ff002e061f5b
16.07000000000003,108.1899999999999,-114.5279255939873,7276ff002e062cf2
16.07000000000003,108.1949999999999,-108.35795144782618,7276ff002e061f5b
16.07000000000003,108.19999999999987,-108.31629731023402,7276ff002e061f5b
16.07000000000003,108.20499999999988,-107.60242467182528,7276ff002e061f5b
16.07000000000003,108.20999999999988,-105.78397820719218,7276ff002e061f5b
16.07000000000003,108.21499999999988,-106.55009772936044,7276ff002e061f5b
16.07000000000003,108.21999999999989,-97.16228916124894,7276ff002e061f5b
16.07000000000003,108.22499999999988,-99.0,7276ff002e061f5b
16.07000000000003,108.22999999999986,-100.57037903275712,7276ff002e061f5b
16.07000000000003,108.23499999999986,-105.28516580730816,7276ff002e061f5b
16.07000000000003,108.23999999999984,-105.45581188743246,7276ff002e061f5b
16.07000000000003,108.24499999999983,-127.08301103597256,ac1f09fffe06fcf2
16.07000000000003,108.24999999999984,-127.44565689865692,ac1f09fffe06fcf2
16.07000000000003,108.25499999999984,-127.4075818070818,ac1f09fffe06fcf2
16.07000000000003,108.25999999999983,-108.3075762370678,7276ff002e061f5b
16.07000000000003,108.26499999999984,-108.27560196134353,7276ff002e061f5b
16.07000000000003,108.26999999999984,-107.9079900910614,7276ff002e061f5b
16.07000000000003,108.27499999999982,-109.87688011224192,7276ff002e061f5b
16.07000000000003,108.27999999999982,-111.29177608249968,7276ff002e061f5b
16.07000000000003,108.2849999999998,-111.23754985697629,7276ff002e061f5b
16.07000000000003,108.2899999999998,-111.27700773243411,7276ff002e061f5b
16.07000000000003,108.2949999999998,-111.40285820222245,7276ff002e061f5b
16.07000000000003,108.2999999999998,-120.0,ac1f09fffe0fd629
16.07000000000003,108.3049999999998,-120.0,ac1f09fffe0fd629
16.07000000000003,108.3099999999998,-120.0,ac1f09fffe0fd629
16.07000000000003,108.31499999999978,-110.59696582234496,7276ff002e061f5b
16.07500000000003,108.08,-120.0,ac1f09fffe0fd629
16.07500000000003,108.085,-120.0,ac1f09fffe0fd629
16.07500000000003,108.09,-120.0,ac1f09fffe0fd629
16.07500000000003,108.09499999999998,-120.0,ac1f09fffe0fd629
16.07500000000003,108.09999999999998,-120.0,ac1f09fffe0fd629
16.07500000000003,108.10499999999998,-120.0,ac1f09fffe0fd629
16.07500000000003,108.10999999999996,-120.0,ac1f09fffe0fd629
16.07500000000003,108.11499999999997,-120.0,ac1f09fffe0fd629
16.07500000000003,108.11999999999996,-120.0,ac1f09fffe0fd629
16.07500000000003,108.12499999999996,-120.0,ac1f09fffe0fd629
16.07500000000003,108.12999999999997,-120.0,ac1f09fffe0fd629
16.07500000000003,108.13499999999996,-113.0,ac1f09fffe0fd629
16.07500000000003,108.13999999999994,-120.0,ac1f09fffe0fd629
16.07500000000003,108.14499999999994,-103.0,7276ff002e062cf2
16.07500000000003,108.14999999999992,-115.0,a84041ffff1ec39f
16.07500000000003,108.15499999999992,-105.0,7276ff002e0507da
16.07500000000003,108.15999999999993,-117.0,7276ff002e0507da
16.07500000000003,108.16499999999992,-111.0,ac1f09fffe0fd629
16.07500000000003,108.16999999999992,-116.0,7276ff002e062cf2
16.07500000000003,108.17499999999993,-113.0,7276ff002e062cf2
16.07500000000003,108.17999999999992,-102.0,7276ff002e061f5b
16.07500000000003,108.1849999999999,-103.0,7276ff002e061f5b
16.07500000000003,108.1899999999999,-103.6373613541073,7276ff002e061f5b
16.07500000000003,108.1949999999999,-106.65500832805066,7276ff002e061f5b
16.07500000000003,108.19999999999987,-108.14377567987664,7276ff002e061f5b
16.07500000000003,108.20499999999988,-103.0,7276ff002e061f5b
16.07500000000003,108.20999999999988,-106.08096169987876,7276ff002e061f5b
16.07500000000003,108.21499999999988,-94.676268009768,7276ff002e061f5b
16.07500000000003,108.21999999999989,-92.284164956838,7276ff002e061f5b
16.07500000000003,108.22499999999988,-96.0,7276ff002e061f5b
16.07500000000003,108.22999999999986,-97.2194879497292,7276ff002e061f5b
16.07500000000003,108.23499999999986,-106.04742516025556,7276ff002e061f5b
16.07500000000003,108.23999999999984,-105.9329944749198,7276ff002e061f5b
16.07500000000003,108.24499999999983,-108.06915730654728,7276ff002e061f5b
16.07500000000003,108.24999999999984,-108.22270719087348,7276ff002e061f5b
16.07500000000003,108.25499999999984,-110.3598947239495,7276ff002e061f5b
16.07500000000003,108.25999999999983,-108.17685721194088,7276ff002e061f5b
16.07500000000003,108.26499999999984,-108.15029466937834,7276ff002e061f5b
16.07500000000003,108.26999999999984,-107.77274405931536,7276ff002e061f5b
16.07500000000003,108.27499999999982,-110.26905552886409,7276ff002e061f5b
16.07500000000003,108.27999999999982,-110.94869448172943,7276ff002e061f5b
16.07500000000003,108.2849999999998,-111.31578854239028,7276ff002e061f5b
16.07500000000003,108.2899999999998,-111.26194695851235,7276ff002e061f5b
16.07500000000003,108.2949999999998,-111.38143378493729,7276ff002e061f5b
16.07500000000003,108.2999999999998,-120.0,ac1f09fffe0fd629
16.07500000000003,108.3049999999998,-120.0,ac1f09fffe0fd629
16.07500000000003,108.3099999999998,-120.0,ac1f09fffe0fd629
16.07500000000003,108.31499999999978,-110.54128877716792,7276ff002e061f5b
16.080000000000034,108.08,-120.0,ac1f09fffe0fd629
16.080000000000034,108.085,-120.0,ac1f09fffe0fd629
16.080000000000034,108.09,-120.0,ac1f09fffe0fd629
16.080000000000034,108.09499999999998,-120.0,ac1f09fffe0fd629
16.080000000000034,108.09999999999998,-120.0,ac1f09fffe0fd629
16.080000000000034,108.10499999999998,-120.0,ac1f09fffe0fd629
16.080000000000034,108.10999999999996,-120.0,ac1f09fffe0fd629
16.080000000000034,108.11499999999997,-120.0,ac1f09fffe0fd629
16.080000000000034,108.11999999999996,-120.0,ac1f09fffe0fd629
16.080000000000034,108.12499999999996,-120.0,ac1f09fffe0fd629
16.080000000000034,108.12999999999997,-120.0,ac1f09fffe0fd629
16.080000000000034,108.13499999999996,-120.0,ac1f09fffe0fd629
16.080000000000034,108.13999999999994,-114.27068592532903,7276ff002e062cf2
16.080000000000034,108.14499999999994,-110.98606643625033,7276ff002e061f5b
16.080000000000034,108.14999999999992,-117.3522294966991,7276ff002e0507da
16.080000000000034,108.15499999999992,-116.49993264728305,7276ff002e0507da
16.080000000000034,108.15999999999993,-120.0,7276ff002e0507da
16.080000000000034,108.16499999999992,-116.0,7276ff002e062cf2
16.080000000000034,108.16999999999992,-113.0,ac1f09fffe0fd629
16.080000000000034,108.17499999999993,-102.71290154227562,7276ff002e061f5b
16.080000000000034,108.17999999999992,-99.18812855800832,7276ff002e061f5b
16.080000000000034,108.1849999999999,-103.6047488667165,7276ff002e061f5b
16.080000000000034,108.1899999999999,-104.284397555885,7276ff002e061f5b
16.080000000000034,108.1949999999999,-106.4616080193883,7276ff002e061f5b
16.080000000000034,108.19999999999987,-108.1632096283475,7276ff002e061f5b
16.080000000000034,108.20499999999988,-105.437835584716,7276ff002e061f5b
16.080000000000034,108.20999999999988,-105.66413750574566,7276ff002e061f5b
16.080000000000034,108.21499999999988,-106.72570449092504,7276ff002e061f5b
16.080000000000034,108.21999999999989,-102.38409925403884,7276ff002e061f5b
16.080000000000034,108.22499999999988,-106.60002483517104,7276ff002e061f5b
16.080000000000034,108.22999999999986,-106.99024696823,7276ff002e061f5b
16.080000000000034,108.23499999999986,-108.70162076663064,7276ff002e061f5b
16.080000000000034,108.23999999999984,-109.32054022495257,7276ff002e061f5b
16.080000000000034,108.24499999999983,-108.2230961517121,7276ff002e061f5b
16.080000000000034,108.24999999999984,-110.0330143171396,7276ff002e061f5b
16.080000000000034,108.25499999999984,-110.22724677118654,7276ff002e061f5b
16.080000000000034,108.25999999999983,-107.97631886016345,7276ff002e061f5b
16.080000000000034,108.26499999999984,-108.0099401277847,7276ff002e061f5b
16.080000000000034,108.26999999999984,-108.176342792896,7276ff002e061f5b
16.080000000000034,108.27499999999982,-110.23593440672852,7276ff002e061f5b
16.080000000000034,108.27999999999982,-110.70423329063333,7276ff002e061f5b
16.080000000000034,108.2849999999998,-111.1666493319739,7276ff002e061f5b
16.080000000000034,108.2899999999998,-111.400107499129,7276ff002e061f5b
16.080000000000034,108.2949999999998,-110.90050044860442,7276ff002e061f5b
16.080000000000034,108.2999999999998,-120.0,ac1f09fffe0fd629
16.080000000000034,108.3049999999998,-120.0,ac1f09fffe0fd629
16.080000000000034,108.3099999999998,-120.0,ac1f09fffe0fd629
16.080000000000034,108.31499999999978,-110.51536888852404,7276ff002e061f5b
16.085000000000033,108.08,-120.0,7276ff002e062cf2
16.085000000000033,108.085,-120.0,7276ff002e062cf2
16.085000000000033,108.09,-120.0,ac1f09fffe0fd629
16.085000000000033,108.09499999999998,-120.0,ac1f09fffe0fd629
16.085000000000033,108.09999999999998,-120.0,ac1f09fffe0fd629
16.085000000000033,108.10499999999998,-120.0,ac1f09fffe0fd629
16.085000000000033,108.10999999999996,-120.0,ac1f09fffe0fd629
16.085000000000033,108.11499999999997,-120.0,ac1f09fffe0fd629
16.085000000000033,108.11999999999996,-120.0,ac1f09fffe0fd629
16.085000000000033,108.12499999999996,-120.0,ac1f09fffe0fd629
16.085000000000033,108.12999999999997,-120.0,ac1f09fffe0fd629
16.085000000000033,108.13499999999996,-115.07212549436944,7276ff002e062cf2
16.085000000000033,108.13999999999994,-114.24020451488865,7276ff002e062cf2
16.085000000000033,108.14499999999994,-113.0,ac1f09fffe0fd629
16.085000000000033,108.14999999999992,-116.0,7276ff002e061f5b
16.085000000000033,108.15499999999992,-108.59901362884,7276ff002e061f5b
16.085000000000033,108.15999999999993,-113.0,ac1f09fffe0fd629
16.085000000000033,108.16499999999992,-102.8604446063768,7276ff002e061f5b
16.085000000000033,108.16999999999992,-102.74413611697857,7276ff002e061f5b
16.085000000000033,108.17499999999993,-104.09975775661964,7276ff002e061f5b
16.085000000000033,108.17999999999992,-105.02836840769604,7276ff002e061f5b
16.085000000000033,108.1849999999999,-106.5859789247407,7276ff002e061f5b
16.085000000000033,108.1899999999999,-106.27588623268572,7276ff002e061f5b
16.085000000000033,108.1949999999999,-108.05671302481618,7276ff002e061f5b
16.085000000000033,108.19999999999987,-108.19342607063436,7276ff002e061f5b
16.085000000000033,108.20499999999988,-106.71383156668264,7276ff002e061f5b
16.085000000000033,108.20999999999988,-107.86718009324083,7276ff002e061f5b
16.085000000000033,108.21499999999988,-104.0,7276ff002e061f5b
16.085000000000033,108.21999999999989,-101.0,7276ff002e061f5b
16.085000000000033,108.22499999999988,-104.25529982265348,7276ff002e061f5b
16.085000000000033,108.22999999999986,-108.15254934251902,7276ff002e061f5b
16.085000000000033,108.23499999999986,-109.01939269314312,7276ff002e061f5b
16.085000000000033,108.23999999999984,-108.39097453980958,7276ff002e061f5b
16.085000000000033,108.24499999999983,-110.31587689681216,7276ff002e061f5b
16.085000000000033,108.24999999999984,-110.0668181480622,7276ff002e061f5b
16.085000000000033,108.25499999999984,-110.24246206613807,7276ff002e061f5b
16.085000000000033,108.25999999999983,-108.17659925243116,7276ff002e061f5b
16.085000000000033,108.26499999999984,-107.6702761891592,7276ff002e061f5b
16.085000000000033,108.26999999999984,-108.02086005676824,7276ff002e061f5b
16.085000000000033,108.27499999999982,-110.09738442979614,7276ff002e061f5b
16.085000000000033,108.27999999999982,-110.5698230605459,7276ff002e061f5b
16.085000000000033,108.2849999999998,-110.9758102887711,7276ff002e061f5b
16.085000000000033,108.2899999999998,-111.0678927878221,7276ff002e061f5b
16.085000000000033,108.2949999999998,-110.98723555794686,7276ff002e061f5b
16.085000000000033,108.2999999999998,-111.18129002405256,7276ff002e061f5b
16.085000000000033,108.3049999999998,-120.0,ac1f09fffe0fd629
16.085000000000033,108.3099999999998,-110.55230057370912,7276ff002e061f5b
16.085000000000033,108.31499999999978,-110.5209098533184,7276ff002e061f5b
16.090000000000032,108.08,-120.0,7276ff002e062cf2
16.090000000000032,108.085,-120.0,7276ff002e062cf2
16.090000000000032,108.09,-120.0,7276ff002e062cf2
16.090000000000032,108.09499999999998,-114.50253244418651,7276ff002e062cf2
16.090000000000032,108.09999999999998,-116.35255625716296,7276ff002e062cf2
16.090000000000032,108.10499999999998,-116.67526846594512,7276ff002e062cf2
16.090000000000032,108.10999999999996,-116.17386470161786,7276ff002e062cf2
16.090000000000032,108.11499999999997,-120.0,7276ff002e061f5b
16.090000000000032,108.11999999999996,-114.19789243302182,7276ff002e062cf2
16.090000000000032,108.12499999999996,-114.47537311213304,7276ff002e062cf2
16.090000000000032,108.12999999999997,-113.81566557495042,7276ff002e062cf2
16.090000000000032,108.13499999999996,-114.30362051734092,7276ff002e062cf2
16.090000000000032,108.13999999999994,-115.11689419216084,7276ff002e062cf2
16.090000000000032,108.14499999999994,-115.1883492107616,7276ff002e062cf2
16.090000000000032,108.14999999999992,-110.864503205822,7276ff002e061f5b
16.090000000000032,108.15499999999992,-110.24161688637692,7276ff002e061f5b
16.090000000000032,108.15999999999993,-102.03910242881412,7276ff002e061f5b
16.090000000000032,108.16499999999992,-104.42706395777174,7276ff002e061f5b
16.090000000000032,108.16999999999992,-120.0,ac1f09fffe0fd629
16.090000000000032,108.17499999999993,-105.9280034948869,7276ff002e061f5b
16.090000000000032,108.17999999999992,-106.43902521452412,7276ff002e061f5b
16.090000000000032,108.1849999999999,-106.98950666495696,7276ff002e061f5b
16.090000000000032,108.1899999999999,-106.9872544476449,7276ff002e061f5b
16.090000000000032,108.1949999999999,-108.46376871501796,7276ff002e061f5b
16.090000000000032,108.19999999999987,-106.0323110385932,7276ff002e061f5b
16.090000000000032,108.20499999999988,-106.3871184882082,7276ff002e061f5b
16.090000000000032,108.20999999999988,-105.37935770635424,7276ff002e061f5b
16.090000000000032,108.21499999999988,-110.0,a84041ffff1ec39f
16.090000000000032,108.21999999999989,-99.73699431958836,a84041ffff1ec39f
16.090000000000032,108.22499999999988,-110.59305325821104,a84041ffff1ec39f
16.090000000000032,108.22999999999986,-113.9697303703714,a84041ffff1ec39f
16.090000000000032,108.23499999999986,-106.0107945080738,7276ff002e061f5b
16.090000000000032,108.23999999999984,-109.43553784390537,7276ff002e061f5b
16.090000000000032,108.24499999999983,-109.46321021418676,7276ff002e061f5b
16.090000000000032,108.24999999999984,-111.22198796637028,7276ff002e061f5b
16.090000000000032,108.25499999999984,-110.2789230473194,7276ff002e061f5b
16.090000000000032,108.25999999999983,-108.8436683778389,7276ff002e061f5b
16.090000000000032,108.26499999999984,-107.40261247658704,7276ff002e061f5b
16.090000000000032,108.26999999999984,-106.20672236916876,7276ff002e061f5b
16.090000000000032,108.27499999999982,-109.03082501330664,7276ff002e061f5b
16.090000000000032,108.27999999999982,-110.49767251583336,7276ff002e061f5b
16.090000000000032,108.2849999999998,-111.0833008981488,7276ff002e061f5b
16.090000000000032,108.2899999999998,-111.06933362641772,7276ff002e061f5b
16.090000000000032,108.2949999999998,-114.88390659044644,ac1f09fffe0fd63b
16.090000000000032,108.2999999999998,-111.02322219696208,7276ff002e061f5b
16.090000000000032,108.3049999999998,-120.0,ac1f09fffe0fd629
16.090000000000032,108.3099999999998,-110.43693106966953,7276ff002e061f5b
16.090000000000032,108.31499999999978,-110.44142923816769,7276ff002e061f5b
16.095000000000034,108.08,-120.0,7276ff002e062cf2
16.095000000000034,108.085,-120.0,7276ff002e062cf2
16.095000000000034,108.09,-114.75902660897049,7276ff002e062cf2
16.095000000000034,108.09499999999998,-114.81271054124596,7276ff002e062cf2
16.095000000000034,108.09999999999998,-114.65947794503046,7276ff002e062cf2
16.095000000000034,108.10499999999998,-115.06384792873614,7276ff002e062cf2
16.095000000000034,108.10999999999996,-114.83458074941947,7276ff002e062cf2
16.095000000000034,108.11499999999997,-116.47449776600853,7276ff002e062cf2
16.095000000000034,108.11999999999996,-115.44178563563392,7276ff002e062cf2
16.095000000000034,108.12499999999996,-120.0,7276ff002e061f5b
16.095000000000034,108.12999999999997,-113.47048032303728,7276ff002e062cf2
16.095000000000034,108.13499999999996,-113.09664225366195,7276ff002e062cf2
16.095000000000034,108.13999999999994,-110.0,7276ff002e062cf2
16.095000000000034,108.14499999999994,-115.36018455370208,7276ff002e062cf2
16.095000000000034,108.14999999999992,-111.1839591227666,7276ff002e062cf2
16.095000000000034,108.15499999999992,-110.06661783231684,7276ff002e061f5b
16.095000000000034,108.15999999999993,-107.99786690808556,7276ff002e061f5b
16.095000000000034,108.16499999999992,-120.0,ac1f09fffe0fd629
16.095000000000034,108.16999999999992,-106.60856877800738,7276ff002e061f5b
16.095000000000034,108.17499999999993,-105.69886092576544,7276ff002e061f5b
16.095000000000034,108.17999999999992,-106.70514943716364,7276ff002e061f5b
16.095000000000034,108.1849999999999,-105.302067412082,7276ff002e061f5b
16.095000000000034,108.1899999999999,-107.19359396006811,7276ff002e061f5b
16.095000000000034,108.1949999999999,-114.17153826077264,a84041ffff1ec39f
16.095000000000034,108.19999999999987,-113.65922321384836,a84041ffff1ec39f
16.095000000000034,108.20499999999988,-113.58588015606432,a84041ffff1ec39f
16.095000000000034,108.20999999999988,-111.13515339702715,a84041ffff1ec39f
16.095000000000034,108.21499999999988,-108.8064892966928,a84041ffff1ec39f
16.095000000000034,108.21999999999989,-94.0,7276ff002e061f5b
16.095000000000034,108.22499999999988,-115.0,a84041ffff1ec39f
16.095000000000034,108.22999999999986,-98.4626071166557,7276ff002e061f5b
16.095000000000034,108.23499999999986,-107.81197543234862,7276ff002e061f5b
16.095000000000034,108.23999999999984,-109.73852220033342,7276ff002e061f5b
16.095000000000034,108.24499999999983,-111.08897346072123,7276ff002e061f5b
16.095000000000034,108.24999999999984,-111.74729642372482,7276ff002e061f5b
16.095000000000034,108.25499999999984,-109.3435101270963,7276ff002e061f5b
16.095000000000034,108.25999999999983,-108.9210094311993,7276ff002e061f5b
16.095000000000034,108.26499999999984,-107.4041722811033,7276ff002e061f5b
16.095000000000034,108.26999999999984,-109.12696008430396,7276ff002e061f5b
16.095000000000034,108.27499999999982,-107.71380185290286,7276ff002e061f5b
16.095000000000034,108.27999999999982,-110.04408315749444,7276ff002e061f5b
16.095000000000034,108.2849999999998,-110.0255646838233,7276ff002e061f5b
16.095000000000034,108.2899999999998,-111.13833487651006,7276ff002e061f5b
16.095000000000034,108.2949999999998,-111.03590774951616,7276ff002e061f5b
16.095000000000034,108.2999999999998,-112.97904462204244,ac1f09fffe0fd63b
16.095000000000034,108.3049999999998,-120.0,ac1f09fffe0fd629
16.095000000000034,108.3099999999998,-110.7048162676052,7276ff002e061f5b
16.095000000000034,108.31499999999978,-110.37260200984046,7276ff002e061f5b
16.100000000000037,108.08,-120.0,7276ff002e062cf2
16.100000000000037,108.085,-120.0,7276ff002e062cf2
16.100000000000037,108.09,-115.4733969621192,7276ff002e062cf2
16.100000000000037,108.09499999999998,-114.49814076639046,7276ff002e062cf2
16.100000000000037,108.09999999999998,-114.24866474672304,7276ff002e062cf2
16.100000000000037,108.10499999999998,-114.46957870374996,7276ff002e062cf2
16.100000000000037,108.10999999999996,-114.13675472087326,7276ff002e062cf2
16.100000000000037,108.11499999999997,-114.32415439685658,7276ff002e062cf2
16.100000000000037,108.11999999999996,-120.0,7276ff002e061f5b
16.100000000000037,108.12499999999996,-115.29354039932498,7276ff002e062cf2
16.100000000000037,108.12999999999997,-115.16566359416947,7276ff002e062cf2
16.100000000000037,108.13499999999996,-117.0,7276ff002e062cf2
16.100000000000037,108.13999999999994,-110.7212495089988,7276ff002e061f5b
16.100000000000037,108.14499999999994,-112.74874031368404,7276ff002e062cf2
16.100000000000037,108.14999999999992,-110.93824720896755,7276ff002e061f5b
16.100000000000037,108.15499999999992,-110.6520881071228,7276ff002e062cf2
16.100000000000037,108.15999999999993,-110.99640616804233,7276ff002e061f5b
16.100000000000037,108.16499999999992,-120.0,ac1f09fffe0fd629
16.100000000000037,108.16999999999992,-106.60469972132525,7276ff002e061f5b
16.100000000000037,108.17499999999993,-106.27252904954658,7276ff002e061f5b
16.100000000000037,108.17999999999992,-106.1761803024936,7276ff002e061f5b
16.100000000000037,108.1849999999999,-106.0758893758873,7276ff002e061f5b
16.100000000000037,108.1899999999999,-113.60474514442066,a84041ffff1ec39f
16.100000000000037,108.1949999999999,-113.21598580997298,a84041ffff1ec39f
16.100000000000037,108.19999999999987,-113.30554666457874,a84041ffff1ec39f
16.100000000000037,108.20499999999988,-113.21727288043756,a84041ffff1ec39f
16.100000000000037,108.20999999999988,-112.32327964869816,a84041ffff1ec39f
16.100000000000037,108.21499999999988,-97.58489424109442,7276ff002e061f5b
16.100000000000037,108.21999999999989,-113.2047728279328,a84041ffff1ec39f
16.100000000000037,108.22499999999988,-112.0,a84041ffff1ec39f
16.100000000000037,108.22999999999986,-105.0,7276ff002e061f5b
16.100000000000037,108.23499999999986,-108.89052135249582,7276ff002e061f5b
16.100000000000037,108.23999999999984,-110.29771347178772,7276ff002e061f5b
16.100000000000037,108.24499999999983,-109.31644464624272,7276ff002e061f5b
16.100000000000037,108.24999999999984,-110.5166014387824,7276ff002e061f5b
16.100000000000037,108.25499999999984,-111.13345199587616,7276ff002e061f5b
16.100000000000037,108.25999999999983,-109.28923480852411,7276ff002e061f5b
16.100000000000037,108.26499999999984,-103.0,7276ff002e061f5b
16.100000000000037,108.26999999999984,-105.0,7276ff002e061f5b
16.100000000000037,108.27499999999982,-113.0,ac1f09fffe0fd63b
16.100000000000037,108.27999999999982,-112.0,7276ff002e061f5b
16.100000000000037,108.2849999999998,-109.55537782863476,7276ff002e061f5b
16.100000000000037,108.2899999999998,-112.90818917543592,ac1f09fffe0fd63b
16.100000000000037,108.2949999999998,-110.06757622182654,7276ff002e061f5b
16.100000000000037,108.2999999999998,-110.03207417839786,7276ff002e061f5b
16.100000000000037,108.3049999999998,-110.0,7276ff002e061f5b
16.100000000000037,108.3099999999998,-109.84174894765772,7276ff002e061f5b
16.100000000000037,108.31499999999978,-110.3589982158244,7276ff002e061f5b
16.105000000000036,108.08,-120.0,7276ff002e062cf2
16.105000000000036,108.085,-120.0,7276ff002e062cf2
16.105000000000036,108.09,-114.5670065498967,7276ff002e062cf2
16.105000000000036,108.09499999999998,-114.31893970375248,7276ff002e062cf2
16.105000000000036,108.09999999999998,-114.45374439328045,7276ff002e062cf2
16.105000000000036,108.10499999999998,-114.06249514893032,7276ff002e062cf2
16.105000000000036,108.10999999999996,-113.96229431556536,7276ff002e062cf2
16.105000000000036,108.11499999999997,-113.75161808269728,7276ff002e062cf2
16.105000000000036,108.11999999999996,-114.62358478901224,7276ff002e062cf2
16.105000000000036,108.12499999999996,-113.8780761800322,ac1f09fffe00ab25
16.105000000000036,108.12999999999997,-115.79190647669654,7276ff002e062cf2
16.105000000000036,108.13499999999996,-127.59343534243526,ac1f09fffe00ab25
16.105000000000036,108.13999999999994,-114.62390015246255,7276ff002e062cf2
16.105000000000036,108.14499999999994,-113.94821447610744,7276ff002e062cf2
16.105000000000036,108.14999999999992,-110.22948730386396,7276ff002e061f5b
16.105000000000036,108.15499999999992,-111.4156299835216,7276ff002e062cf2
16.105000000000036,108.15999999999993,-109.49503934098728,7276ff002e062cf2
16.105000000000036,108.16499999999992,-110.45346592307097,7276ff002e061f5b
16.105000000000036,108.16999999999992,-106.9525595371212,7276ff002e061f5b
16.105000000000036,108.17499999999993,-107.0127804074868,7276ff002e061f5b
16.105000000000036,108.17999999999992,-120.0,ac1f09fffe0fd629
16.105000000000036,108.1849999999999,-107.1869418930794,7276ff002e061f5b
16.105000000000036,108.1899999999999,-113.24199115673,a84041ffff1ec39f
16.105000000000036,108.1949999999999,-113.1645784162514,a84041ffff1ec39f
16.105000000000036,108.19999999999987,-112.97730270650004,a84041ffff1ec39f
16.105000000000036,108.20499999999988,-113.23251799033764,a84041ffff1ec39f
16.105000000000036,108.20999999999988,-113.27270095204562,a84041ffff1ec39f
16.105000000000036,108.21499999999988,-114.64864385897548,a84041ffff1ec39f
16.105000000000036,108.21999999999989,-112.30075967176325,a84041ffff1ec39f
16.105000000000036,108.22499999999988,-112.21229763896166,a84041ffff1ec39f
16.105000000000036,108.22999999999986,-109.4043807290475,7276ff002e061f5b
16.105000000000036,108.23499999999986,-110.43907267349256,7276ff002e061f5b
16.105000000000036,108.23999999999984,-107.0,7276ff002e061f5b
16.105000000000036,108.24499999999983,-116.0,7276ff002e061f5b
16.105000000000036,108.24999999999984,-111.8338104412826,7276ff002e061f5b
16.105000000000036,108.25499999999984,-114.0,7276ff002e061f5b
16.105000000000036,108.25999999999983,-107.92376234553667,7276ff002e061f5b
16.105000000000036,108.26499999999984,-107.66689975000658,7276ff002e061f5b
16.105000000000036,108.26999999999984,-107.32619001949551,7276ff002e061f5b
16.105000000000036,108.27499999999982,-109.57852594244434,7276ff002e061f5b
16.105000000000036,108.27999999999982,-109.90224950281568,7276ff002e061f5b
16.105000000000036,108.2849999999998,-113.0,ac1f09fffe0fd63b
16.105000000000036,108.2899999999998,-113.0,ac1f09fffe0fd63b
16.105000000000036,108.2949999999998,-110.5287160232162,7276ff002e061f5b
16.105000000000036,108.2999999999998,-116.0,7276ff002e061f5b
16.105000000000036,108.3049999999998,-107.57936656864244,7276ff002e061f5b
16.105000000000036,108.3099999999998,-110.11291466116926,7276ff002e061f5b
16.105000000000036,108.31499999999978,-120.0,7276ff002e061f5b
16.110000000000035,108.08,-120.0,7276ff002e062cf2
16.110000000000035,108.085,-120.0,7276ff002e062cf2
16.110000000000035,108.09,-114.41393540956622,7276ff002e062cf2
16.110000000000035,108.09499999999998,-114.13362672108794,7276ff002e062cf2
16.110000000000035,108.09999999999998,-114.19414123105412,7276ff002e062cf2
16.110000000000035,108.10499999999998,-114.06389576376388,7276ff002e062cf2
16.110000000000035,108.10999999999996,-113.67677604141667,7276ff002e062cf2
16.110000000000035,108.11499999999997,-113.62847379903316,7276ff002e062cf2
16.110000000000035,108.11999999999996,-113.53269321306776,7276ff002e062cf2
16.110000000000035,108.12499999999996,-113.71676912947262,7276ff002e062cf2
16.110000000000035,108.12999999999997,-111.0,7276ff002e061f5b
16.110000000000035,108.13499999999996,-115.82560863021844,ac1f09fffe00ab25
16.110000000000035,108.13999999999994,-119.23405325254372,ac1f09fffe00ab25
16.110000000000035,108.14499999999994,-122.38739408148224,ac1f09fffe00ab25
16.110000000000035,108.14999999999992,-114.3802178507171,7276ff002e062cf2
16.110000000000035,108.15499999999992,-111.853510298012,7276ff002e062cf2
16.110000000000035,108.15999999999993,-109.98439563638996,7276ff002e062cf2
16.110000000000035,108.16499999999992,-110.82349895242956,7276ff002e061f5b
16.110000000000035,108.16999999999992,-108.56336503443076,7276ff002e061f5b
16.110000000000035,108.17499999999993,-106.5629656514778,7276ff002e061f5b
16.110000000000035,108.17999999999992,-107.04882905240844,7276ff002e061f5b
16.110000000000035,108.1849999999999,-106.22270658515951,7276ff002e061f5b
16.110000000000035,108.1899999999999,-113.1151881641557,a84041ffff1ec39f
16.110000000000035,108.1949999999999,-113.06457028033046,a84041ffff1ec39f
16.110000000000035,108.19999999999987,-113.14049845649946,a84041ffff1ec39f
16.110000000000035,108.20499999999988,-113.20021152170594,a84041ffff1ec39f
16.110000000000035,108.20999999999988,-114.16325290209598,a84041ffff1ec39f
16.110000000000035,108.21499999999988,-114.68677073359252,a84041ffff1ec39f
16.110000000000035,108.21999999999989,-114.6443205209699,a84041ffff1ec39f
16.110000000000035,108.22499999999988,-114.602398344084,a84041ffff1ec39f
16.110000000000035,108.22999999999986,-110.23216331652392,7276ff002e061f5b
16.110000000000035,108.23499999999986,-109.55804030707688,7276ff002e061f5b
16.110000000000035,108.23999999999984,-109.76996273716136,7276ff002e061f5b
16.110000000000035,108.24499999999983,-111.42951139642972,7276ff002e061f5b
16.110000000000035,108.24999999999984,-107.52426649410891,7276ff002e061f5b
16.110000000000035,108.25499999999984,-109.254300231704,7276ff002e061f5b
16.110000000000035,108.25999999999983,-107.53249770315132,7276ff002e061f5b
16.110000000000035,108.26499999999984,-110.05444048309656,7276ff002e061f5b
16.110000000000035,108.26999999999984,-110.34247348066263,7276ff002e061f5b
16.110000000000035,108.27499999999982,-110.65225256455037,7276ff002e061f5b
16.110000000000035,108.27999999999982,-120.0,ac1f09fffe0fd63b
16.110000000000035,108.2849999999998,-120.0,ac1f09fffe0fd63b
16.110000000000035,108.2899999999998,-120.0,ac1f09fffe0fd63b
16.110000000000035,108.2949999999998,-110.02555519879756,7276ff002e061f5b
16.110000000000035,108.2999999999998,-110.01718322275084,7276ff002e061f5b
16.110000000000035,108.3049999999998,-109.65828404108824,7276ff002e061f5b
16.110000000000035,108.3099999999998,-110.6933149902123,7276ff002e061f5b
16.110000000000035,108.31499999999978,-120.0,7276ff002e061f5b
16.115000000000038,108.08,-120.0,7276ff002e062cf2
16.115000000000038,108.085,-120.0,7276ff002e062cf2
16.115000000000038,108.09,-114.03765343211218,7276ff002e062cf2
16.115000000000038,108.09499999999998,-115.07247009733103,7276ff002e062cf2
16.115000000000038,108.09999999999998,-114.58462137884048,7276ff002e062cf2
16.115000000000038,108.10499999999998,-113.72118397889848,7276ff002e062cf2
16.115000000000038,108.10999999999996,-113.69650406342276,7276ff002e062cf2
16.115000000000038,108.11499999999997,-113.57518196676384,7276ff002e062cf2
16.115000000000038,108.11999999999996,-113.61725728718196,7276ff002e062cf2
16.115000000000038,108.12499999999996,-115.26706511363676,7276ff002e062cf2
16.115000000000038,108.12999999999997,-114.35017482547067,7276ff002e062cf2
16.115000000000038,108.13499999999996,-115.65714151072294,ac1f09fffe00ab25
16.115000000000038,108.13999999999994,-116.26054944871548,ac1f09fffe00ab25
16.115000000000038,108.14499999999994,-116.54603769191702,ac1f09fffe00ab25
16.115000000000038,108.14999999999992,-116.85850736263215,ac1f09fffe00ab25
16.115000000000038,108.15499999999992,-121.68451534357531,ac1f09fffe00ab25
16.115000000000038,108.15999999999993,-112.28325624477452,7276ff002e062cf2
16.115000000000038,108.16499999999992,-109.52339529524114,7276ff002e062cf2
16.115000000000038,108.16999999999992,-111.0296107313379,7276ff002e061f5b
16.115000000000038,108.17499999999993,-107.4370493503595,7276ff002e061f5b
16.115000000000038,108.17999999999992,-120.0,ac1f09fffe0fd629
16.115000000000038,108.1849999999999,-113.210193787145,a84041ffff1ec39f
16.115000000000038,108.1899999999999,-113.04505828983714,a84041ffff1ec39f
16.115000000000038,108.1949999999999,-113.2244791318883,a84041ffff1ec39f
16.115000000000038,108.19999999999987,-113.2374882635405,a84041ffff1ec39f
16.115000000000038,108.20499999999988,-113.70140935384816,a84041ffff1ec39f
16.115000000000038,108.20999999999988,-114.69563098879232,a84041ffff1ec39f
16.115000000000038,108.21499999999988,-114.6189989351358,a84041ffff1ec39f
16.115000000000038,108.21999999999989,-114.5881314137683,a84041ffff1ec39f
16.115000000000038,108.22499999999988,-109.725274183938,7276ff002e061f5b
16.115000000000038,108.22999999999986,-110.32018970300255,7276ff002e061f5b
16.115000000000038,108.23499999999986,-109.52192099256732,7276ff002e061f5b
16.115000000000038,108.23999999999984,-111.67101958663066,7276ff002e061f5b
16.115000000000038,108.24499999999983,-110.300772991212,7276ff002e061f5b
16.115000000000038,108.24999999999984,-110.06262132511095,7276ff002e061f5b
16.115000000000038,108.25499999999984,-110.57721903222271,7276ff002e061f5b
16.115000000000038,108.25999999999983,-109.94283062572698,7276ff002e061f5b
16.115000000000038,108.26499999999984,-110.49339046442928,7276ff002e061f5b
16.115000000000038,108.26999999999984,-110.36100776655678,7276ff002e061f5b
16.115000000000038,108.27499999999982,-110.32267738484671,7276ff002e061f5b
16.115000000000038,108.27999999999982,-120.0,ac1f09fffe0fd63b
16.115000000000038,108.2849999999998,-120.0,ac1f09fffe0fd63b
16.115000000000038,108.2899999999998,-120.0,ac1f09fffe0fd63b
16.115000000000038,108.2949999999998,-110.78033113827456,7276ff002e061f5b
16.115000000000038,108.2999999999998,-111.03026947057828,7276ff002e061f5b
16.115000000000038,108.3049999999998,-111.5107103140995,7276ff002e061f5b
16.115000000000038,108.3099999999998,-120.0,7276ff002e061f5b
16.115000000000038,108.31499999999978,-120.0,7276ff002e061f5b
16.12000000000004,108.08,-120.0,7276ff002e062cf2
16.12000000000004,108.085,-120.0,7276ff002e062cf2
16.12000000000004,108.09,-114.35679855492454,7276ff002e062cf2
16.12000000000004,108.09499999999998,-114.75463852491474,7276ff002e062cf2
16.12000000000004,108.09999999999998,-114.93981763653176,7276ff002e062cf2
16.12000000000004,108.10499999999998,-113.98221537266488,7276ff002e062cf2
16.12000000000004,108.10999999999996,-114.77899120868716,7276ff002e062cf2
16.12000000000004,108.11499999999997,-114.1531822187896,7276ff002e062cf2
16.12000000000004,108.11999999999996,-113.95019707057874,7276ff002e062cf2
16.12000000000004,108.12499999999996,-113.88679935344882,7276ff002e062cf2
16.12000000000004,108.12999999999997,-113.83644479220254,7276ff002e062cf2
16.12000000000004,108.13499999999996,-113.80528926274576,7276ff002e062cf2
16.12000000000004,108.13999999999994,-116.27357009542156,ac1f09fffe00ab25
16.12000000000004,108.14499999999994,-116.61963689292148,ac1f09fffe00ab25
16.12000000000004,108.14999999999992,-116.65785142167417,ac1f09fffe00ab25
16.12000000000004,108.15499999999992,-116.919043272844,ac1f09fffe00ab25
16.12000000000004,108.15999999999993,-116.9959293384707,ac1f09fffe00ab25
16.12000000000004,108.16499999999992,-111.4268700474261,7276ff002e062cf2
16.12000000000004,108.16999999999992,-109.68864043375883,7276ff002e062cf2
16.12000000000004,108.17499999999993,-111.04748352877051,7276ff002e061f5b
16.12000000000004,108.17999999999992,-106.8770372495412,7276ff002e061f5b
16.12000000000004,108.1849999999999,-113.16319614301396,a84041ffff1ec39f
16.12000000000004,108.1899999999999,-113.206047392307,a84041ffff1ec39f
16.12000000000004,108.1949999999999,-113.2404963953366,a84041ffff1ec39f
16.12000000000004,108.19999999999987,-114.34978617196856,a84041ffff1ec39f
16.12000000000004,108.20499999999988,-114.64566027943704,a84041ffff1ec39f
16.12000000000004,108.20999999999988,-114.54689513664742,a84041ffff1ec39f
16.12000000000004,108.21499999999988,-114.74586115815796,a84041ffff1ec39f
16.12000000000004,108.21999999999989,-114.4084961244248,a84041ffff1ec39f
16.12000000000004,108.22499999999988,-109.8124261872158,7276ff002e061f5b
16.12000000000004,108.22999999999986,-109.67338929858748,7276ff002e061f5b
16.12000000000004,108.23499999999986,-110.41334613496603,7276ff002e061f5b
16.12000000000004,108.23999999999984,-110.90131141749804,7276ff002e061f5b
16.12000000000004,108.24499999999983,-110.17700034307146,7276ff002e061f5b
16.12000000000004,108.24999999999984,-110.38659569931023,7276ff002e061f5b
16.12000000000004,108.25499999999984,-110.92968379685188,7276ff002e061f5b
16.12000000000004,108.25999999999983,-110.76828425152738,7276ff002e061f5b
16.12000000000004,108.26499999999984,-110.54762683891067,7276ff002e061f5b
16.12000000000004,108.26999999999984,-110.67223926921702,7276ff002e061f5b
16.12000000000004,108.27499999999982,-120.0,ac1f09fffe0fd63b
16.12000000000004,108.27999999999982,-120.0,ac1f09fffe0fd63b
16.12000000000004,108.2849999999998,-120.0,ac1f09fffe0fd63b
16.12000000000004,108.2899999999998,-120.0,ac1f09fffe0fd63b
16.12000000000004,108.2949999999998,-111.07320035858498,7276ff002e061f5b
16.12000000000004,108.2999999999998,-111.29879618491844,7276ff002e061f5b
16.12000000000004,108.3049999999998,-112.0351337466308,7276ff002e061f5b
16.12000000000004,108.3099999999998,-120.0,7276ff002e061f5b
16.12000000000004,108.31499999999978,-120.0,7276ff002e061f5b
